Product Id,Sku Number,Product Name,Product Line Id,Brand Id
f3c38b64-3c37-5aab-be2a-dc0f2d6ac1f4,AC-AK-0000001855,AKG Microphones Z976,9478298d-c2c5-5531-bff9-f05be5046c08,c669d225-d10a-5d4a-b459-fa4e7f969ffe
ac51a9a3-eb0e-56fc-b673-1c41ad73b98a,AC-AM-0000001679,Amazon Basics USB Cables E396,7706b031-b6bf-5774-a835-ccfdaaf244bf,f38da530-8789-5400-97bb-a60e608832dc
f42c5beb-c0a9-50cb-b91b-a109be41ef8d,AC-AM-0000001736,AmazonBasics Ethernet Cables E883,a098f8d6-3016-57af-aa18-cdae3354e773,99dfdfdc-5d5b-5659-9e88-d54bb32ecfee
4196d450-859b-5805-a18c-c937c0be5b3a,AC-AM-0000001737,AmazonBasics Ethernet Cables W406,a098f8d6-3016-57af-aa18-cdae3354e773,99dfdfdc-5d5b-5659-9e88-d54bb32ecfee
d72c15d1-b301-59ab-b7b2-f57d0cacd242,AC-AN-0000001594,Anker Power Banks M669,67072fa5-23a7-556e-9d19-34fd9f741112,17113e99-78a2-5452-acb1-9f575061b948
aad9bda6-aeae-5fc5-8321-75baae98ec39,AC-AN-0000001596,Anker Power Banks U227,67072fa5-23a7-556e-9d19-34fd9f741112,17113e99-78a2-5452-acb1-9f575061b948
e1d990e6-2d8c-5b32-99fd-86987c5b8fbd,AC-AN-0000001674,Anker USB Cables C659,7706b031-b6bf-5774-a835-ccfdaaf244bf,17113e99-78a2-5452-acb1-9f575061b948
59cda184-2e64-5ccf-b5e2-f5de1785ea2e,AC-AN-0000001829,AnkerWork Webcams V529,f8a3f5f7-96a5-5c4f-bdca-f31a0acc44b4,6072b680-f5b8-5923-9774-63a0c284baff
ddd3f936-bec7-5132-b6ac-97ece8b061fc,AC-AN-0000001830,AnkerWork Webcams Z264,f8a3f5f7-96a5-5c4f-bdca-f31a0acc44b4,6072b680-f5b8-5923-9774-63a0c284baff
f03ffd00-0717-51e3-a669-c33517c1aff9,AC-AP-0000001617,APC Surge Protectors Q845,bc0a77c9-5c65-5e05-bdea-7f87ba9bed66,15a4ac84-2e87-52b1-b4c4-e9b3b829ecf1
39eedb60-7215-5086-8894-1fb9c6ffd000,AC-AP-0000001618,APC Surge Protectors D641,bc0a77c9-5c65-5e05-bdea-7f87ba9bed66,15a4ac84-2e87-52b1-b4c4-e9b3b829ecf1
370ed2f2-dd76-58c1-96e4-d46de7725c9e,AC-AP-0000001636,APC UPS E626,367d6257-6840-5d0e-875d-8d2c920c553c,15a4ac84-2e87-52b1-b4c4-e9b3b829ecf1
dfbb15c0-61df-5de3-906c-bc8eb674c867,AC-AU-0000001603,AUKEY Power Banks W420,67072fa5-23a7-556e-9d19-34fd9f741112,0d320725-61fc-5d4a-964f-059a8b8df4b9
6254dd3b-d066-5b02-beb5-7ee8044f73d4,AC-AU-0000001672,AUKEY Solar Chargers D233,421bd203-2db7-53de-ab96-e6f2430a259d,0d320725-61fc-5d4a-964f-059a8b8df4b9
67cf6781-f7d3-5a82-94f2-536c1ea92930,AC-AU-0000001702,AudioQuest HDMI Cables T202,084fb311-3edd-5cc8-bc85-819f68f903b8,81929930-3c0e-59bc-954c-a586973a1806
f477f846-3dc0-524e-884a-b5db57c0ff14,AC-AU-0000001838,Audio-Technica Microphones Q509,9478298d-c2c5-5531-bff9-f05be5046c08,48899926-6f3f-5109-bff1-00c0e2edaa68
814b3def-adf5-502e-9fc3-23976bbcaa95,AC-BE-0000001604,Belkin Power Banks W201,67072fa5-23a7-556e-9d19-34fd9f741112,8566dbbd-6485-5e95-80e4-094ef426900a
0ce47dc0-0b19-5ecf-81a8-13f87922b015,AC-BE-0000001621,Belkin Surge Protectors M588,bc0a77c9-5c65-5e05-bdea-7f87ba9bed66,8566dbbd-6485-5e95-80e4-094ef426900a
78621ec3-57b2-5326-a112-de103d8a482d,AC-BE-0000001698,Belkin HDMI Cables F293,084fb311-3edd-5cc8-bc85-819f68f903b8,8566dbbd-6485-5e95-80e4-094ef426900a
c12419e4-d332-54ba-93bf-2df4b06441bb,AC-BL-0000001832,Blue Microphones L595,9478298d-c2c5-5531-bff9-f05be5046c08,6c2492fc-2749-52af-b860-e5df640c03dd
b2ae85c6-7ed6-58d3-b5ae-0fdeb718471b,AC-CA-0000001689,Cable Matters USB Cables U719,7706b031-b6bf-5774-a835-ccfdaaf244bf,3d47223f-30c4-5ffc-a769-86c0cbca4e18
605abe24-b485-5395-ab0b-3e44fd8697ef,AC-CA-0000001723,Cat Ethernet Cables N716,a098f8d6-3016-57af-aa18-cdae3354e773,254b03a6-161b-5bc2-acec-ee01dc21ee60
adb9fca1-4eee-51eb-bb1b-1f901a304fbf,AC-CA-0000001753,Cable Matters Audio Cables L232,cff06df1-2a3b-55b5-8772-558190c7c6b3,3d47223f-30c4-5ffc-a769-86c0cbca4e18
dc3963d7-8829-5bc0-a9fe-6e15ee498a9f,AC-CA-0000001754,Cable Matters Audio Cables X615,cff06df1-2a3b-55b5-8772-558190c7c6b3,3d47223f-30c4-5ffc-a769-86c0cbca4e18
5c430085-cca5-514b-8526-fdb64f8af498,AC-CA-0000001755,Cable Matters Audio Cables S915,cff06df1-2a3b-55b5-8772-558190c7c6b3,3d47223f-30c4-5ffc-a769-86c0cbca4e18
97888e4b-8392-5369-a9df-3ad3a11a932d,AC-CO-0000001546,Corsair 1TB SATA SSDs L994,efedbcbb-3c2c-5486-a42d-2582d66e6057,90d47212-ff9f-5efe-a79f-30b44e7f871c
c20ebab7-e6da-52dc-943c-7bb1f7372f4c,AC-CO-0000001564,Corsair 500GB USB Flash Drives X706,7558a8b1-bd80-5c3d-9551-46ac9a44420c,90d47212-ff9f-5efe-a79f-30b44e7f871c
ac22a7ed-2053-580d-b4c2-96bdaea9f1a6,AC-CO-0000001565,Corsair 4TB USB Flash Drives K489,7558a8b1-bd80-5c3d-9551-46ac9a44420c,90d47212-ff9f-5efe-a79f-30b44e7f871c
88572c98-5f12-5083-ba06-453b53eab9e2,AC-CY-0000001629,CyberPower Surge Protectors C861,bc0a77c9-5c65-5e05-bdea-7f87ba9bed66,67f33837-6428-5f58-8179-30dc7832361d
13b2f7c6-ac5e-505a-b096-3d52d9afb183,AC-DA-0000001776,Das Keyboard Keyboards D506,7b8cb5ab-8c55-5c7e-b210-5533c69bd585,ca57ef41-654a-594b-8f07-1e389dfa4fa1
91f08186-ffb0-55ee-8732-731da69e21b3,AC-DA-0000001778,Das Keyboard Keyboards P217,7b8cb5ab-8c55-5c7e-b210-5533c69bd585,ca57ef41-654a-594b-8f07-1e389dfa4fa1
619d98fc-1855-558a-ac25-6060f22d2d7a,AC-DU-0000001775,Ducky Keyboards U647,7b8cb5ab-8c55-5c7e-b210-5533c69bd585,e26f7bc5-a135-5733-a021-f31b679c7fb3
e0a8d16b-50ac-565b-95b1-408f04ba0212,AC-GO-0000001660,Goal Zero Solar Chargers F293,421bd203-2db7-53de-ab96-e6f2430a259d,c4bf2400-a3dc-55b0-9579-aeacd7405777
04f6a65f-9236-594b-84bf-a693d551a766,AC-HY-0000001784,HyperX Keyboards N637,7b8cb5ab-8c55-5c7e-b210-5533c69bd585,472a0406-73d7-50af-97b2-6a96f4f8266a
e904bc6a-959f-5614-835c-1ed0051e24f7,AC-HY-0000001809,HyperX Mice H619,10fd79b9-b309-5950-8b34-349128b440fc,472a0406-73d7-50af-97b2-6a96f4f8266a
373a67d9-565e-5cd8-b6c9-6ba272b5218d,AC-KI-0000001541,Kingston 250GB NVMe PCIe 3.0 SSDs D383,efedbcbb-3c2c-5486-a42d-2582d66e6057,77b4c0d4-c04a-57a9-b3f4-00ddc41325c1
04991981-b594-53de-b542-ade3a6404e69,AC-KI-0000001557,Kingston 2TB USB Flash Drives C208,7558a8b1-bd80-5c3d-9551-46ac9a44420c,77b4c0d4-c04a-57a9-b3f4-00ddc41325c1
d86a8099-fb6d-5a5e-ad4f-d440df4e4b86,AC-KI-0000001558,Kingston 1TB USB Flash Drives K492,7558a8b1-bd80-5c3d-9551-46ac9a44420c,77b4c0d4-c04a-57a9-b3f4-00ddc41325c1
e494bfdb-bf9a-58d1-9234-d6fbba834e44,AC-LA-0000001517,LaCie 1TB External Hard Drives T354,938db37c-c463-5b7a-aed8-d138c6d77c82,44e1d318-61fd-506b-8269-beb76129a5bb
30b427e9-cf1b-5ada-8cdb-36c324d768c4,AC-LE-0000001572,Lexar 2TB USB Flash Drives J821,7558a8b1-bd80-5c3d-9551-46ac9a44420c,6b16552a-034e-5563-b3fe-1da4a029ecae
bfdbeac8-2f40-5d81-a354-c07bf5f8c68b,AC-LE-0000001573,Lexar 8TB USB Flash Drives W315,7558a8b1-bd80-5c3d-9551-46ac9a44420c,6b16552a-034e-5563-b3fe-1da4a029ecae
5779ea69-1fbf-5832-b5db-03038b0e786d,AC-LE-0000001587,Lexar Memory Cards Y808,0b19b454-d89d-5cfc-97d5-5d17660d796e,6b16552a-034e-5563-b3fe-1da4a029ecae
faacf73f-1124-5f86-a943-253c6f9fa088,AC-LI-0000001647,Liebert UPS D549,367d6257-6840-5d0e-875d-8d2c920c553c,45c3b0ad-7370-5464-9443-4d62354fdec9
5abab67a-d238-5319-bdd3-533db01096eb,AC-LI-0000001649,Liebert UPS D294,367d6257-6840-5d0e-875d-8d2c920c553c,45c3b0ad-7370-5464-9443-4d62354fdec9
943045d9-48c7-58cb-b6c2-9b70aa863881,AC-LO-0000001816,Logitech Webcams Q262,f8a3f5f7-96a5-5c4f-bdca-f31a0acc44b4,852d3300-b6d6-5521-bed0-334f3bdb9ef3
9307475a-a0f5-5032-a40f-119178cf5ee6,AC-MI-0000001654,MINUTEMAN UPS E452,367d6257-6840-5d0e-875d-8d2c920c553c,fddc14c1-521d-5d56-88ea-b223febbf517
b93a7ad5-5440-5e63-afd5-e636c2b4de95,AC-MI-0000001656,MINUTEMAN UPS N591,367d6257-6840-5d0e-875d-8d2c920c553c,fddc14c1-521d-5d56-88ea-b223febbf517
ce3190b1-3f46-5923-9b97-b221cdc3cef6,AC-MI-0000001826,Microsoft Webcams D245,f8a3f5f7-96a5-5c4f-bdca-f31a0acc44b4,aa553bb2-2de8-5589-bd11-e3786fe42e81
9d15cc66-d72d-5c7f-a91f-ec6b53f0ccbb,AC-MO-0000001630,Monster Surge Protectors N793,bc0a77c9-5c65-5e05-bdea-7f87ba9bed66,5201946a-3828-5dcd-bb60-ad3e1ba625db
04c6d23c-6eed-56c9-8006-47cdff0cc452,AC-MO-0000001632,Monster Surge Protectors M114,bc0a77c9-5c65-5e05-bdea-7f87ba9bed66,5201946a-3828-5dcd-bb60-ad3e1ba625db
d5798442-cd2b-50c1-a2c7-cadde74a1aee,AC-MO-0000001633,Monster Surge Protectors W535,bc0a77c9-5c65-5e05-bdea-7f87ba9bed66,5201946a-3828-5dcd-bb60-ad3e1ba625db
e83a85fd-e114-5e07-9591-184767473e68,AC-MO-0000001634,Monster Surge Protectors X777,bc0a77c9-5c65-5e05-bdea-7f87ba9bed66,5201946a-3828-5dcd-bb60-ad3e1ba625db
cfa5432f-2518-5fdc-8202-87db8c5d6a3b,AC-MO-0000001682,Monoprice USB Cables Y499,7706b031-b6bf-5774-a835-ccfdaaf244bf,7a19358d-61f2-5b99-9a26-2ab0c29cc345
22bca099-e82d-5d97-923a-a37298d7529c,AC-MO-0000001741,Monster Audio Cables I685,cff06df1-2a3b-55b5-8772-558190c7c6b3,5201946a-3828-5dcd-bb60-ad3e1ba625db
4181786c-1e26-518e-93b9-892ff404dc3b,AC-MO-0000001745,Mogami Audio Cables M947,cff06df1-2a3b-55b5-8772-558190c7c6b3,28f891bb-088a-5c18-8529-bfd52a1cb700
1e22d3c1-8be4-5ef0-98ef-44f063780e31,AC-MO-0000001750,Monoprice Audio Cables S678,cff06df1-2a3b-55b5-8772-558190c7c6b3,7a19358d-61f2-5b99-9a26-2ab0c29cc345
8c173f24-2e91-5a10-99dd-33345b9d3339,AC-PN-0000001569,PNY 500GB USB Flash Drives V566,7558a8b1-bd80-5c3d-9551-46ac9a44420c,66910784-1c9d-5068-b221-3fd7326dd69e
5b2c85ff-764b-57e5-8519-7dde4f4d554c,AC-PN-0000001593,PNY Memory Cards E201,0b19b454-d89d-5cfc-97d5-5d17660d796e,66910784-1c9d-5068-b221-3fd7326dd69e
339a24dc-63c9-59c1-9d05-0409af98cd25,AC-RA-0000001817,Razer Webcams D746,f8a3f5f7-96a5-5c4f-bdca-f31a0acc44b4,6d4a91d2-0b35-54d8-baa2-8e8adb66df0f
82b4a1b9-17b1-5303-a5a9-49182dff8a9e,AC-RO-0000001840,Rode Microphones S419,9478298d-c2c5-5531-bff9-f05be5046c08,ffb295bf-9bc1-5649-ba63-c685ca16fdda
6cec3884-6f39-5b75-8712-4c0b7c9e6fba,AC-RO-0000001841,Rode Microphones N556,9478298d-c2c5-5531-bff9-f05be5046c08,ffb295bf-9bc1-5649-ba63-c685ca16fdda
cfba6a67-ccf5-5927-a004-e81b7b962a29,AC-SA-0000001514,Samsung 8TB External Hard Drives G153,938db37c-c463-5b7a-aed8-d138c6d77c82,221ffc9a-9703-50a2-87b4-f97dd06acdd4
99115de1-bae1-503b-89ef-789a8ef414f1,AC-SA-0000001532,Samsung 4TB SATA SSDs S182,efedbcbb-3c2c-5486-a42d-2582d66e6057,221ffc9a-9703-50a2-87b4-f97dd06acdd4
72db4520-38b5-5c51-b09e-634554f4a55c,AC-SA-0000001561,Samsung 8TB USB Flash Drives T166,7558a8b1-bd80-5c3d-9551-46ac9a44420c,221ffc9a-9703-50a2-87b4-f97dd06acdd4
31e5c84b-d718-5376-92a1-1b142b965881,AC-SA-0000001576,SanDisk Memory Cards L875,0b19b454-d89d-5cfc-97d5-5d17660d796e,1d39ee9c-341a-520a-bea7-75cd7df9902d
e8942e24-41bd-516f-be50-d9cafa72e70c,AC-SA-0000001578,SanDisk Memory Cards D234,0b19b454-d89d-5cfc-97d5-5d17660d796e,1d39ee9c-341a-520a-bea7-75cd7df9902d
1fba134d-7717-5976-b053-c713203413a8,AC-SA-0000001583,Samsung Memory Cards B198,0b19b454-d89d-5cfc-97d5-5d17660d796e,221ffc9a-9703-50a2-87b4-f97dd06acdd4
b8078abe-1322-5a9d-8efb-4f67fc90e960,AC-SE-0000001545,Seagate 1TB SATA SSDs V451,efedbcbb-3c2c-5486-a42d-2582d66e6057,e8125c6a-598e-5375-a6f6-6bd928cf7963
0c114aec-888d-5fe6-bc1e-ac6da5bc1107,AC-SH-0000001834,Shure Microphones Y256,9478298d-c2c5-5531-bff9-f05be5046c08,23b352ad-17c7-5a4d-921c-6b804e5c27e7
1cfc2d9a-0236-5b85-832f-fc3f6116d1b4,AC-ST-0000001768,SteelSeries Keyboards P140,7b8cb5ab-8c55-5c7e-b210-5533c69bd585,dcd2789d-1a97-5b2c-8f1a-576fe0f98481
cf1c0175-0534-5f03-a89b-de38331d0a00,AC-ST-0000001796,SteelSeries Mice V690,10fd79b9-b309-5950-8b34-349128b440fc,dcd2789d-1a97-5b2c-8f1a-576fe0f98481
fcc46531-c8bd-5eaf-9f85-aea5274ec322,AC-ST-0000001798,SteelSeries Mice U566,10fd79b9-b309-5950-8b34-349128b440fc,dcd2789d-1a97-5b2c-8f1a-576fe0f98481
4c3a6e16-8667-569e-8fbb-2f4ab8b9776a,AC-TR-0000001623,Tripp Lite Surge Protectors B842,bc0a77c9-5c65-5e05-bdea-7f87ba9bed66,8d5947b2-6ad9-57a2-9356-a656d150d496
d526d1be-ac9b-53f4-8035-2b216b3ab950,AC-TR-0000001641,Tripp Lite UPS T968,367d6257-6840-5d0e-875d-8d2c920c553c,8d5947b2-6ad9-57a2-9356-a656d150d496
0f4e95da-f09b-5574-89b7-172a6899d7df,AC-TR-0000001729,TRENDnet Ethernet Cables B457,a098f8d6-3016-57af-aa18-cdae3354e773,f82491c4-86e6-5936-85d0-93f765554dab
4d4d5268-0bc8-5ccb-ac28-1c3adf05602f,AC-UG-0000001712,Ugreen HDMI Cables D603,084fb311-3edd-5cc8-bc85-819f68f903b8,b0a5ccb2-4426-5b46-87c2-cae552da0b5d
82ac8c92-f807-5488-8fa3-d8d636daea92,AC-UG-0000001715,Ugreen HDMI Cables T285,084fb311-3edd-5cc8-bc85-819f68f903b8,b0a5ccb2-4426-5b46-87c2-cae552da0b5d
30a55d34-28a4-5279-8347-105d450da6d8,AC-UG-0000001716,Ugreen HDMI Cables J739,084fb311-3edd-5cc8-bc85-819f68f903b8,b0a5ccb2-4426-5b46-87c2-cae552da0b5d
51580f5f-230e-5c04-9317-aed0793c9240,AC-WE-0000001510,Western Digital 2TB External Hard Drives B633,938db37c-c463-5b7a-aed8-d138c6d77c82,95a89d0c-bf8f-5702-a575-769e5fc75f22
cc76b389-a69f-5f9d-8767-f13d008144c3,AC-WE-0000001533,Western Digital 4TB NVMe PCIe 4.0 SSDs J612,efedbcbb-3c2c-5486-a42d-2582d66e6057,95a89d0c-bf8f-5702-a575-769e5fc75f22
92d69f05-63d9-5d5a-b695-f98f890fb313,AU-AL-0000000807,Alpine Car Speakers  N746,36b7fb64-77f7-58c9-a1ad-2330f78aad34,6e2437fc-1306-5d08-ba7a-85782dfab698
2cc20ad7-6a4a-5617-93db-8234bd46eb53,AU-AL-0000000842,Alpine Car Amplifiers U845,ebb33dfb-659e-5a5d-940c-d1abbb4a2769,6e2437fc-1306-5d08-ba7a-85782dfab698
06e4afb6-494f-5dd0-be41-d4e382ba13ef,AU-AP-0000000590,AirPods Max - Green,1ddf9fa0-b356-5697-88a0-493117fad0d9,8a378c91-6cad-5602-a8c7-39d7ac4d72cd
472917bd-286a-5da2-983d-9f7b309cbf17,AU-AP-0000000682,Apple Smart Speakers D495,5266ae99-6688-5dfa-b2cf-0fcc122f803d,8a378c91-6cad-5602-a8c7-39d7ac4d72cd
51c113be-a7ba-5c68-afdf-1b52850aa12c,AU-AP-0000000683,Apple Smart Speakers Q941,5266ae99-6688-5dfa-b2cf-0fcc122f803d,8a378c91-6cad-5602-a8c7-39d7ac4d72cd
536b90c8-eb60-5165-8a70-c2f94a3296ce,AU-AP-0000000684,Apple Smart Speakers P144,5266ae99-6688-5dfa-b2cf-0fcc122f803d,8a378c91-6cad-5602-a8c7-39d7ac4d72cd
18eef933-de4f-5108-a5ba-66eb7d12940d,AU-AU-0000000622,Audio-Technica Over-ear Headphones  F995,50af097c-2913-52ce-8f9f-3f68340a3755,48899926-6f3f-5109-bff1-00c0e2edaa68
dbc9a365-2fa4-5a16-a9f7-0c0f57ff1eb4,AU-AU-0000000624,Audio-Technica Over-ear Headphones  B109,50af097c-2913-52ce-8f9f-3f68340a3755,48899926-6f3f-5109-bff1-00c0e2edaa68
e1d8dd8e-8cba-502f-8554-6cda20314247,AU-BE-0000000645,Beats Sport Headphones  V567,c65e0e71-28b0-5da3-af15-b6b56be894f0,56632998-6b8c-5651-94f5-a7c99c09b27d
8ed8f2c3-5c54-55f6-b384-622129574910,AU-BO-0000000632,Bose Noise Cancelling Headphones ANC P215,19e25341-14a5-5ba3-a17b-f35904650d78,818c875c-d046-56f1-b319-f96dad2ac0b9
57112929-6c82-5d7e-a701-14184b2c244b,AU-BO-0000000656,Bose Sport Headphones  S594,c65e0e71-28b0-5da3-af15-b6b56be894f0,818c875c-d046-56f1-b319-f96dad2ac0b9
6b80318a-5535-5e78-8d74-67461432934c,AU-BO-0000000661,Bose Bluetooth Speakers Bluetooth 5.0 30hr L788,f4aab44c-cbc8-52d1-afaa-a66192f127bc,818c875c-d046-56f1-b319-f96dad2ac0b9
b090ccfd-8f18-5e6e-a102-5c0a09b16107,AU-BO-0000000662,Bose Bluetooth Speakers Bluetooth 5.2 40hr D879,f4aab44c-cbc8-52d1-afaa-a66192f127bc,818c875c-d046-56f1-b319-f96dad2ac0b9
ddc8f5d5-cdea-5917-b904-991be537f109,AU-BO-0000000726,Bose Soundbars H628,97500fb7-5fd5-5dfd-9e72-bf71722ad974,818c875c-d046-56f1-b319-f96dad2ac0b9
7725240e-8a5d-58b2-81a4-b5f7a6bb3939,AU-DE-0000000758,Definitive Technology Surround Sound Systems W800,01dfedd9-6784-581b-b55c-7327c0329a81,72c84657-b7c9-5df2-8fc7-dbc63812e11e
a98c39ee-e12a-52ff-afda-0cb68ecbe0bd,AU-DE-0000000762,Denon AV Receivers W711,e22870a7-97c8-50fc-bd0e-a507b08cb042,d2e28df1-5dd3-540d-afe4-bd6c0f9de109
e585217a-d891-5e91-8fce-a0b80fcdb241,AU-DE-0000000766,Denon AV Receivers U100,e22870a7-97c8-50fc-bd0e-a507b08cb042,d2e28df1-5dd3-540d-afe4-bd6c0f9de109
b9b458a3-8c58-5533-b74c-5763d2343045,AU-EL-0000000713,ELAC Bookshelf Speakers  X177,ca58e5bc-411c-5390-97cb-c09c651802ee,d5878d60-945f-5b51-ac42-d8f74a3eda1c
82d8b972-067d-561d-8cad-f88176c8bb26,AU-JA-0000000647,Jaybird Sport Headphones  V472,c65e0e71-28b0-5da3-af15-b6b56be894f0,99d0f70d-a775-5685-96a7-451d5977a412
0d852488-0c76-546f-b4da-2690e015842f,AU-JB-0000000657,JBL Bluetooth Speakers Bluetooth 5.2 36hr E206,f4aab44c-cbc8-52d1-afaa-a66192f127bc,f7ef1b9f-56bf-5a98-b5c8-8550f7e6cc5b
c5656ab8-8abb-5f50-86ff-977de37e41b5,AU-JB-0000000659,JBL Bluetooth Speakers Bluetooth 5.0 40hr Z236,f4aab44c-cbc8-52d1-afaa-a66192f127bc,f7ef1b9f-56bf-5a98-b5c8-8550f7e6cc5b
f1a0f23b-cdc1-52b2-8973-9776fc30c987,AU-JB-0000000805,JBL Car Speakers  Y854,36b7fb64-77f7-58c9-a1ad-2330f78aad34,f7ef1b9f-56bf-5a98-b5c8-8550f7e6cc5b
5650f6bc-f399-560b-836b-4f2dc564ea10,AU-JL-0000000821,JL Audio Car Subwoofers J455,3af8bdc5-fcf5-573a-8301-53d63f6166b1,74d497a4-ce0d-585e-a405-3546173510e2
57f5d36d-ad31-5c3b-b419-0738a096f008,AU-JV-0000000799,JVC Car Stereos R979,d3d55841-55b2-5acf-88eb-f7437fd81471,519a7186-2914-5c26-b5c6-132724c76b09
28b4dd49-f13d-519c-b8cd-2aebd1a0c7c1,AU-KE-0000000704,KEF Bookshelf Speakers  C356,ca58e5bc-411c-5390-97cb-c09c651802ee,170e6f97-c572-5d88-9015-ee2ee1b3c3f7
68787ec0-899b-565c-b17c-2ffa584c08da,AU-KE-0000000791,Kenwood Car Stereos I291,d3d55841-55b2-5acf-88eb-f7437fd81471,fb6c0d0d-4edd-5590-b3ef-75d7b9c52e0c
de465106-5d80-5387-b4e2-53dd923951ee,AU-KE-0000000792,Kenwood Car Stereos T451,d3d55841-55b2-5acf-88eb-f7437fd81471,fb6c0d0d-4edd-5590-b3ef-75d7b9c52e0c
55870660-1f84-5182-8241-ae24689fd713,AU-KI-0000000813,Kicker Car Speakers  C999,36b7fb64-77f7-58c9-a1ad-2330f78aad34,6609241f-64d1-58a1-98fc-88af55ab2803
24bb3b3b-c4a2-5daf-8985-af18db90edc5,AU-KI-0000000831,Kicker Car Subwoofers J213,3af8bdc5-fcf5-573a-8301-53d63f6166b1,6609241f-64d1-58a1-98fc-88af55ab2803
6eda674f-004f-57f6-8476-770b89688432,AU-KL-0000000697,Klipsch Bookshelf Speakers  V914,ca58e5bc-411c-5390-97cb-c09c651802ee,0a14067f-6da2-5723-9819-96c98eb728df
5c24c558-e1d0-5154-a0ac-d91b165ff5cb,AU-KL-0000000734,Klipsch Soundbars M713,97500fb7-5fd5-5dfd-9e72-bf71722ad974,0a14067f-6da2-5723-9819-96c98eb728df
614e7540-1143-5f0e-8b95-0cdfa4edc80e,AU-LG-0000000696,LG Party Speakers  H239,e9c35491-bfe6-5487-a774-37a26a7095c4,f830d053-dcc2-59d4-8286-5792143628be
59cd3b87-c629-5c02-8fa1-1b3e86b1c9cd,AU-MA-0000000671,Marshall Bluetooth Speakers Bluetooth 5.3 30hr T301,f4aab44c-cbc8-52d1-afaa-a66192f127bc,bb427257-baee-57e5-a074-a1d44ba966e4
debaa2c9-dfff-5e96-8404-5f716a1b87ee,AU-MA-0000000770,Marantz AV Receivers T299,e22870a7-97c8-50fc-bd0e-a507b08cb042,b26b2906-1c4f-56be-8392-d2de5d5e01e8
474e9f79-6597-5262-aebb-5104cfe104f2,AU-NA-0000000751,Nakamichi Surround Sound Systems L209,01dfedd9-6784-581b-b55c-7327c0329a81,1fc32cfe-7628-56ee-989d-f72e5aafd1d8
fa6ac91f-3819-59d5-8289-2d9563edbd22,AU-PI-0000000772,Pioneer AV Receivers D922,e22870a7-97c8-50fc-bd0e-a507b08cb042,c3972790-1acd-5152-abf1-37ecf892cc72
eb96e32b-faab-57cc-becb-c1811daf2f76,AU-PI-0000000840,Pioneer Car Subwoofers X134,3af8bdc5-fcf5-573a-8301-53d63f6166b1,c3972790-1acd-5152-abf1-37ecf892cc72
257e15a8-da4c-5656-920f-99bddab6af6f,AU-Q-0000000720,Q Acoustics Bookshelf Speakers  L141,ca58e5bc-411c-5390-97cb-c09c651802ee,5f8254e1-1371-5442-abfb-0615ff3b9431
156cf649-87b4-59a6-9b2f-dfe708affea0,AU-RO-0000000808,Rockford Fosgate Car Speakers  F451,36b7fb64-77f7-58c9-a1ad-2330f78aad34,bb9213e3-e69d-5197-a0e1-280564694f3c
a14a6d0e-8422-502f-ae99-8b3b80678b90,AU-RO-0000000847,Rockford Fosgate Car Amplifiers Y191,ebb33dfb-659e-5a5d-940c-d1abbb4a2769,bb9213e3-e69d-5197-a0e1-280564694f3c
a1ba7241-8c54-5819-b089-76529120776b,AU-SA-0000000593,Samsung Wireless Earbuds Bluetooth 5.2 36hr R753,1ddf9fa0-b356-5697-88a0-493117fad0d9,221ffc9a-9703-50a2-87b4-f97dd06acdd4
b6f15c37-265b-518f-a4e6-f52becc4a734,AU-SA-0000000752,Samsung Surround Sound Systems S474,01dfedd9-6784-581b-b55c-7327c0329a81,221ffc9a-9703-50a2-87b4-f97dd06acdd4
d94967e9-97b2-5bbf-8f5a-d7a832b9638b,AU-SA-0000000755,Samsung Surround Sound Systems Y822,01dfedd9-6784-581b-b55c-7327c0329a81,221ffc9a-9703-50a2-87b4-f97dd06acdd4
ab9dd65f-6fcb-5d52-91d8-51c1bb1d693b,AU-SH-0000000641,Shure Noise Cancelling Headphones ANC O554,19e25341-14a5-5ba3-a17b-f35904650d78,23b352ad-17c7-5a4d-921c-6b804e5c27e7
c02a75e2-76cd-53ff-87fd-5b71a49025e6,AU-SO-0000000612,Sony Over-ear Headphones  N554,50af097c-2913-52ce-8f9f-3f68340a3755,9a468472-96ab-5128-8e47-c15dac9e261b
5eccd329-8b95-59a4-8e78-751e91f6b882,AU-SO-0000000670,Sony Bluetooth Speakers Bluetooth 5.2 30hr Y981,f4aab44c-cbc8-52d1-afaa-a66192f127bc,9a468472-96ab-5128-8e47-c15dac9e261b
1ab54177-27b3-5cca-a8be-f35cf6cdab3f,AU-SO-0000000739,Sonos Surround Sound Systems T704,01dfedd9-6784-581b-b55c-7327c0329a81,1c00bfed-12ec-5a20-9797-ce1a87e2d080
376b0052-ea20-5f91-9ac1-77e3204abffe,AU-SV-0000000761,SVS Surround Sound Systems X493,01dfedd9-6784-581b-b55c-7327c0329a81,8805c7da-24d5-58e7-883a-4ad15f4eebcb
9c42d0c9-4e46-52a0-adb1-7c95e8a9f157,AU-UL-0000000665,Ultimate Ears Bluetooth Speakers Bluetooth 5.3 36hr F393,f4aab44c-cbc8-52d1-afaa-a66192f127bc,31dc2a80-ed2e-5410-b17e-7735535045e3
e7da0b03-a3f3-59ac-bea1-43a9a7daacaa,AU-UL-0000000667,Ultimate Ears Bluetooth Speakers Bluetooth 5.3 30hr V857,f4aab44c-cbc8-52d1-afaa-a66192f127bc,31dc2a80-ed2e-5410-b17e-7735535045e3
572ec7ef-a555-5bcd-9ed7-205edbcd28bb,AU-VI-0000000731,Vizio Soundbars S265,97500fb7-5fd5-5dfd-9e72-bf71722ad974,1efddd04-5e80-5a6d-876f-3da078b43817
2761ef1a-4fa2-504b-b080-1ab66061f51e,CO-AC-0000000019,Acer Predator Gaming Laptops i5 16GB 512GB RTX 4090 P935,d43d1a94-e259-562f-912f-b10a83508b99,4c6654fd-d36d-5bc6-9033-0750345494c3
07c52c23-1f5c-56da-9700-20d69cf2a785,CO-AC-0000000054,Acer Student Laptops Ryzen 7 16GB 512GB W402,f3ec0a37-7b2b-5e2b-b83d-2e61405233b0,fffa0a0f-c029-508a-956f-c992e5c0b1f1
07a2b67e-8da9-5735-b2cc-438cf05c1fd9,CO-AL-0000000001,Alienware Gaming Laptops Ryzen 9 8GB 2TB RTX 4060 H242,d43d1a94-e259-562f-912f-b10a83508b99,0478be66-a9b5-5e0b-bb75-204f1b66cabd
ba0f1398-9f0a-59b8-af68-02c189ed88d4,CO-AL-0000000215,"Alienware 34"" 2K 60Hz Gaming Monitors U815",1cf8771f-2605-5590-86ba-40894b39fa65,0478be66-a9b5-5e0b-bb75-204f1b66cabd
ee0bb689-16a9-5b14-8515-7d76fb7e0cf3,CO-AM-0000000199,Amazon Kids Tablets U216,06d1ccb6-1652-57b3-befd-5de83894d3fa,82575fb3-03f1-5037-b354-ee70c95808a2
7913e681-ea27-5a7a-af66-3d669e42c640,CO-AM-0000000201,Amazon Kids Tablets D249,06d1ccb6-1652-57b3-befd-5de83894d3fa,82575fb3-03f1-5037-b354-ee70c95808a2
e201da0c-9dbd-5e1c-a073-83965c6ce0f3,CO-AP-0000000142,Apple All-in-One T863,ad43bb6f-c24b-5f9d-af98-6d44c0764f91,8a378c91-6cad-5602-a8c7-39d7ac4d72cd
ea257e61-f8a7-56c0-a0e6-ca3dc7063016,CO-AP-0000000172,"iPad Pro 11"" 512GB WiFi with M3",f5f42f13-88a8-53d3-9b94-7bcc8b0e5c83,8a378c91-6cad-5602-a8c7-39d7ac4d72cd
47ace622-4507-5524-b1ea-22b6252772cc,CO-AS-0000000101,ASUS Ultrabooks R880,69213d4e-746c-5a82-ac33-9e68cf5713c4,bfb6e572-54ab-531a-8083-845d72213eb3
6fbfdc17-5bf4-5a8b-ac76-bfa43ba70899,CO-AS-0000000102,ASUS Ultrabooks I841,69213d4e-746c-5a82-ac33-9e68cf5713c4,bfb6e572-54ab-531a-8083-845d72213eb3
56c4689f-fda7-5653-b005-21739c69c987,CO-AS-0000000110,ASUS ROG Gaming Desktops Ryzen 5 64GB 4TB RTX 4090 A518,55340533-665e-56d1-b019-ea80dba7e6fc,cbe1ac83-f039-5d8e-86b1-78ca4bc3fe6c
51e4fa3b-bcef-52da-b719-0218072475a3,CO-AS-0000000137,ASUS Business Desktops Ryzen 9 16GB 2TB O361,61922660-7474-57ec-b72b-e47d0e00ac40,bfb6e572-54ab-531a-8083-845d72213eb3
fc1c4c2f-aefb-53f4-a243-c712512711d7,CO-BE-0000000233,"BenQ 38"" UltraWide QHD 60Hz Professional Monitors C638",27ccfe5c-ba38-5f76-bd99-50c26de19c68,7d4dcf8a-3ef2-514b-9bf5-220e66740533
4bc4b69c-81e4-5885-9a64-475ab8209dba,CO-BR-0000000302,Brother Inkjet Printers V643,cfa2ea5a-9ba2-551b-82c1-3cbb19457af0,4d61fdd0-88e4-5d93-a64c-0eafa15247d2
8d5139ac-c85d-596c-98d1-0352d23257f6,CO-BR-0000000303,Brother Inkjet Printers K834,cfa2ea5a-9ba2-551b-82c1-3cbb19457af0,4d61fdd0-88e4-5d93-a64c-0eafa15247d2
ba567654-2b42-586f-8a98-617e57bf495f,CO-BR-0000000304,Brother Inkjet Printers R261,cfa2ea5a-9ba2-551b-82c1-3cbb19457af0,4d61fdd0-88e4-5d93-a64c-0eafa15247d2
e15bd713-21a9-58e3-b1d5-4c3a7545acb7,CO-BR-0000000318,Brother All-in-One Printers A367,9f7c2b67-7514-5ec0-86e8-47fa2958d9a4,4d61fdd0-88e4-5d93-a64c-0eafa15247d2
3f8eeb41-6b38-560e-b844-c1fe51107e80,CO-CA-0000000277,Canon Laser Printers E199,7e3975a9-998f-50d9-a212-5fcfd238fd5b,d1c5a550-b8f4-5731-9171-d0fcd69c3fba
a5bbfa11-1d08-5f56-8207-d61157c9dea0,CO-CA-0000000313,Canon All-in-One Printers A854,9f7c2b67-7514-5ec0-86e8-47fa2958d9a4,d1c5a550-b8f4-5731-9171-d0fcd69c3fba
7fd3b196-39e7-596f-b80b-32b029c0b374,CO-CR-0000000327,Creality 3D Printers O219,23c9cd9f-f2a9-54be-ba4b-fe4c808ae70e,01d2c32a-ba34-5b1d-ba01-a77fe9cd57af
f7c7801d-5347-5d0e-84ae-db65026aa666,CO-CY-0000000121,CyberPowerPC Gaming Desktops i5 16GB 4TB RTX 4070 W596,55340533-665e-56d1-b019-ea80dba7e6fc,a967a656-6d83-5ad8-b5c5-a581bf327f1f
3be61745-d26d-5992-9dfd-109833b45128,CO-DE-0000000068,Dell Workstations S812,76891670-c2b0-54b4-b2f6-ccd82cad825b,17019f1e-045e-5500-ae74-1d3988a6a4cd
f1751498-fe2f-54d5-895e-8dfd9e1e38cc,CO-DE-0000000151,Dell All-in-One M966,ad43bb6f-c24b-5f9d-af98-6d44c0764f91,17019f1e-045e-5500-ae74-1d3988a6a4cd
285119e4-958a-5b71-b6e1-f118026c07e2,CO-DE-0000000153,Dell All-in-One V368,ad43bb6f-c24b-5f9d-af98-6d44c0764f91,17019f1e-045e-5500-ae74-1d3988a6a4cd
b0f54017-b4e5-51f4-9798-638ece23c6ae,CO-DE-0000000227,"Dell 32"" 2K 144Hz Professional Monitors D959",27ccfe5c-ba38-5f76-bd99-50c26de19c68,17019f1e-045e-5500-ae74-1d3988a6a4cd
a90b5296-3017-59e2-ae2f-ca2600c437de,CO-DR-0000000347,Dremel 3D Printers V633,23c9cd9f-f2a9-54be-ba4b-fe4c808ae70e,87eb87ad-6e1c-57ba-8812-6ae876d7b973
b047d350-5f3d-5253-82ef-d8e05defe082,CO-GO-0000000063,Google Student Laptops Ryzen 7 64GB 2TB Y553,f3ec0a37-7b2b-5e2b-b83d-2e61405233b0,9a2ae9ad-c3a6-54f0-aaf6-9b8ce06f4fa0
21b59de7-357c-5782-8fa8-b14bf8ba9d2b,CO-HP-0000000037,HP Business Laptops i9 32GB 512GB C350,eeaffb56-674b-52dd-a7f1-54adbff7fd1c,77111639-875f-5f14-a773-22a79de3f12a
131c2785-3157-5a9f-9058-f91e3db46380,CO-HP-0000000038,HP Business Laptops Ryzen 7 8GB 2TB Z769,eeaffb56-674b-52dd-a7f1-54adbff7fd1c,77111639-875f-5f14-a773-22a79de3f12a
6902438a-6de8-575d-806c-780c859701dc,CO-HP-0000000048,HP Student Laptops i7 16GB 512GB Z992,f3ec0a37-7b2b-5e2b-b83d-2e61405233b0,77111639-875f-5f14-a773-22a79de3f12a
d64af915-ceef-5ded-9d70-6bf4c5a1f18e,CO-HP-0000000049,HP Student Laptops i9 32GB 2TB C891,f3ec0a37-7b2b-5e2b-b83d-2e61405233b0,77111639-875f-5f14-a773-22a79de3f12a
05407e68-7690-50e8-ad5c-991b507e7009,CO-HP-0000000076,HP Workstations K879,76891670-c2b0-54b4-b2f6-ccd82cad825b,77111639-875f-5f14-a773-22a79de3f12a
6bc06d82-6b98-50ea-8512-fc50cec6f1c8,CO-HP-0000000116,HP Gaming Desktops Ryzen 5 32GB 1TB RTX 4090 Q767,55340533-665e-56d1-b019-ea80dba7e6fc,77111639-875f-5f14-a773-22a79de3f12a
08f0b9f6-ed78-535f-aff8-36edb41d1d6d,CO-HP-0000000147,HP All-in-One J434,ad43bb6f-c24b-5f9d-af98-6d44c0764f91,77111639-875f-5f14-a773-22a79de3f12a
90cf8952-bf02-54f5-8683-93dd239c5ab4,CO-HP-0000000247,"HP 38"" 4K 240Hz Basic Monitors S240",0831ee03-2e13-5667-8dd8-b1dab8556a59,77111639-875f-5f14-a773-22a79de3f12a
2b43bd4c-8960-5c6d-94c5-8b08b1df41cb,CO-HP-0000000265,HP Laser Printers L508,7e3975a9-998f-50d9-a212-5fcfd238fd5b,77111639-875f-5f14-a773-22a79de3f12a
f8931750-4824-5efb-8900-8d06a64709ff,CO-HP-0000000266,HP Laser Printers K347,7e3975a9-998f-50d9-a212-5fcfd238fd5b,77111639-875f-5f14-a773-22a79de3f12a
946398c5-5342-5456-aeec-486c4ce1c9b8,CO-HP-0000000267,HP Laser Printers D151,7e3975a9-998f-50d9-a212-5fcfd238fd5b,77111639-875f-5f14-a773-22a79de3f12a
cf37aaae-1b89-5b21-b40b-528e12e9bb6f,CO-LE-0000000024,Lenovo Legion Gaming Laptops Ryzen 5 64GB 512GB RTX 4060 H903,d43d1a94-e259-562f-912f-b10a83508b99,0cff5876-1793-5399-a5e2-2bfb2ae7ae04
97046e4f-8499-50a8-9b3c-b227b8548200,CO-LE-0000000079,Lenovo Workstations Y131,76891670-c2b0-54b4-b2f6-ccd82cad825b,9c073e66-98e9-5de2-85e6-ca756ded864b
0880aebb-01f1-5b53-9d45-b854e4ee4d3d,CO-LE-0000000135,Lenovo Business Desktops Ryzen 7 32GB 4TB E350,61922660-7474-57ec-b72b-e47d0e00ac40,9c073e66-98e9-5de2-85e6-ca756ded864b
e604707a-44aa-57dd-8cb2-cd70a2f4b8ac,CO-LE-0000000136,Lenovo Business Desktops Ryzen 5 64GB 4TB T991,61922660-7474-57ec-b72b-e47d0e00ac40,9c073e66-98e9-5de2-85e6-ca756ded864b
f6f97c30-bcb4-5e5c-9844-5ed4025a4027,CO-LE-0000000150,Lenovo All-in-One O177,ad43bb6f-c24b-5f9d-af98-6d44c0764f91,9c073e66-98e9-5de2-85e6-ca756ded864b
8c9f6bd3-5997-5fe8-8ecf-0adbab919f4f,CO-LE-0000000166,Lenovo Mini PCs Ryzen 7 32GB 1TB E233,a5b60c56-c7e5-54d9-8951-c828527dcf60,9c073e66-98e9-5de2-85e6-ca756ded864b
86c6e6c6-8448-53c0-b806-57aa9049cfed,CO-LE-0000000194,Lenovo Entertainment Tablets S539,d1cff176-9f40-56a1-8963-c2a36f567719,9c073e66-98e9-5de2-85e6-ca756ded864b
f1a72748-ab43-5387-b356-9fd45b5ac047,CO-LE-0000000204,LeapFrog Kids Tablets T430,06d1ccb6-1652-57b3-befd-5de83894d3fa,5c4fd519-c017-5982-9e18-50150c90d535
4c8052c8-299e-501e-8340-7a0cd595fec6,CO-LE-0000000325,Lexmark All-in-One Printers L179,9f7c2b67-7514-5ec0-86e8-47fa2958d9a4,aac8302e-c074-546a-81b6-c516527dd1e5
71d2a04f-b2ca-55e5-b183-0e2a6d697fd8,CO-LE-0000000326,Lexmark All-in-One Printers Q307,9f7c2b67-7514-5ec0-86e8-47fa2958d9a4,aac8302e-c074-546a-81b6-c516527dd1e5
811e35d5-d9ee-5efd-ac3f-520bdfab2927,CO-LG-0000000243,"LG 24"" 4K 240Hz Professional Monitors L557",27ccfe5c-ba38-5f76-bd99-50c26de19c68,f830d053-dcc2-59d4-8286-5792143628be
b3bb9ec4-ddc3-5845-9a65-a05574c32f18,CO-LG-0000000244,"LG 34"" 4K 144Hz Professional Monitors C787",27ccfe5c-ba38-5f76-bd99-50c26de19c68,f830d053-dcc2-59d4-8286-5792143628be
9288caa5-61b1-5a17-abe3-59b5358be0de,CO-LG-0000000257,"LG 27"" 4K 144Hz Basic Monitors D630",0831ee03-2e13-5667-8dd8-b1dab8556a59,f830d053-dcc2-59d4-8286-5792143628be
c5c243f1-be84-5c08-bc7b-f6dd571fcff8,CO-LG-0000000258,"LG 24"" 4K 144Hz Basic Monitors Q390",0831ee03-2e13-5667-8dd8-b1dab8556a59,f830d053-dcc2-59d4-8286-5792143628be
4940425a-1a61-5dc2-98bc-ff0a2d8eb4e1,CO-LG-0000000259,"LG 38"" 1080p 144Hz Basic Monitors J729",0831ee03-2e13-5667-8dd8-b1dab8556a59,f830d053-dcc2-59d4-8286-5792143628be
9ec693cb-3647-5ff3-a100-fe20860bbf8c,CO-MS-0000000111,MSI Gaming Desktops Ryzen 9 16GB 2TB RTX 4070 O172,55340533-665e-56d1-b019-ea80dba7e6fc,a7b68ff9-1f4c-5758-b28a-209a1d6b7c6c
b199fe81-7397-59af-a730-344dcbb75150,CO-MS-0000000112,MSI Gaming Desktops i7 16GB 1TB RTX 4070 I946,55340533-665e-56d1-b019-ea80dba7e6fc,a7b68ff9-1f4c-5758-b28a-209a1d6b7c6c
fb5bc7ec-6698-53fe-8f36-130c3dff8ead,CO-PR-0000000334,Prusa 3D Printers N483,23c9cd9f-f2a9-54be-ba4b-fe4c808ae70e,4b647789-2526-57cb-88e5-8401d56be4ef
574199ee-45fd-577a-8236-365d355932f3,CO-RA-0000000012,Razer Gaming Laptops Ryzen 7 64GB 2TB RTX 4090 I864,d43d1a94-e259-562f-912f-b10a83508b99,6d4a91d2-0b35-54d8-baa2-8e8adb66df0f
941d6f16-6624-5881-8755-081b340c6db5,CO-RA-0000000013,Razer Gaming Laptops i5 8GB 512GB RTX 4070 P193,d43d1a94-e259-562f-912f-b10a83508b99,6d4a91d2-0b35-54d8-baa2-8e8adb66df0f
54f30b63-bb40-52d2-9994-3bfd06365547,CO-SA-0000000178,Samsung Pro Tablets L206,f5f42f13-88a8-53d3-9b94-7bcc8b0e5c83,221ffc9a-9703-50a2-87b4-f97dd06acdd4
53fb9da3-7a22-5e41-8f93-559b49ed3f18,CO-UL-0000000336,Ultimaker 3D Printers E769,23c9cd9f-f2a9-54be-ba4b-fe4c808ae70e,e1e4ab0b-98cb-54d6-8218-2e09fd4a4de2
43de5ef6-2acc-5c9b-84f2-8a40bf8d338f,CO-UL-0000000337,Ultimaker 3D Printers M641,23c9cd9f-f2a9-54be-ba4b-fe4c808ae70e,e1e4ab0b-98cb-54d6-8218-2e09fd4a4de2
25952c06-8f89-5ae1-b3f1-da69dcdbc83b,CO-VI-0000000239,"ViewSonic 32"" 4K 60Hz Professional Monitors B986",27ccfe5c-ba38-5f76-bd99-50c26de19c68,8872a4d6-7a8c-5844-aa93-386356eba531
5b65bc87-f47a-5c88-9032-c9de20570ae1,CO-VI-0000000240,"ViewSonic 32"" 2K 240Hz Professional Monitors O495",27ccfe5c-ba38-5f76-bd99-50c26de19c68,8872a4d6-7a8c-5844-aa93-386356eba531
585e9516-05cd-5e2b-b142-9f646b0bb02d,CO-VI-0000000262,"ViewSonic 32"" 5K 144Hz Basic Monitors R396",0831ee03-2e13-5667-8dd8-b1dab8556a59,8872a4d6-7a8c-5844-aa93-386356eba531
e9557779-f129-5a6f-ac07-7e3fd1b97bd9,CO-XE-0000000279,Xerox Laser Printers B240,7e3975a9-998f-50d9-a212-5fcfd238fd5b,1e91c502-ad6a-566f-bdc2-7414a34e3809
41e0af72-15c6-5c0b-b6f4-625db7a15d1b,CO-XE-0000000280,Xerox Laser Printers E720,7e3975a9-998f-50d9-a212-5fcfd238fd5b,1e91c502-ad6a-566f-bdc2-7414a34e3809
a9aec647-78b9-5bde-93fb-3ef7b2faa7f1,GA-AC-0000001173,Acer Predator Gaming Laptops i5 16GB 512GB RTX 4070 N459,c9c75582-6fb3-54b0-bdc3-25d8fb21ff91,4c6654fd-d36d-5bc6-9033-0750345494c3
528de484-ce1b-5796-940c-3a6d737f5790,GA-AK-0000001202,AKRacing Gaming Chairs G247,4db9bec9-2fb0-5f15-8fce-d7a2131ab574,a8697d6f-0c1d-5af6-87af-b6b136d6d040
f33ad02b-72f7-5f3a-880c-7a27a9937f8c,GA-AL-0000001155,Alienware Gaming Laptops Ryzen 9 16GB 1TB RTX 4060 P475,c9c75582-6fb3-54b0-bdc3-25d8fb21ff91,0478be66-a9b5-5e0b-bb75-204f1b66cabd
f7421cca-534f-51bb-a33a-210d86a9d11d,GA-AL-0000001245,Alienware VR-Ready PCs i9 32GB 1TB I629,13ce5c06-80e7-5d0d-8f65-02162f94bb6f,0478be66-a9b5-5e0b-bb75-204f1b66cabd
a60f03dc-7b6b-5633-bc44-085bcd1b7af0,GA-AS-0000001156,ASUS ROG Gaming Laptops Ryzen 5 8GB 1TB RTX 4060 Q333,c9c75582-6fb3-54b0-bdc3-25d8fb21ff91,cbe1ac83-f039-5d8e-86b1-78ca4bc3fe6c
a0d46afb-4d4d-5ae3-8bb7-cfcc8d9443db,GA-AS-0000001260,ASUS ROG VR-Ready PCs Ryzen 5 32GB 4TB O497,13ce5c06-80e7-5d0d-8f65-02162f94bb6f,cbe1ac83-f039-5d8e-86b1-78ca4bc3fe6c
054446b0-2559-5ef1-ab59-166ac89162c4,GA-CO-0000001195,Corsair Gaming Peripherals I774,aaac2bf8-3972-59cb-b4f7-404cab8b1c55,90d47212-ff9f-5efe-a79f-30b44e7f871c
e07c544b-1098-5cd3-b190-d039c7ad0152,GA-CO-0000001272,Corsair VR-Ready PCs Ryzen 9 64GB 4TB T469,13ce5c06-80e7-5d0d-8f65-02162f94bb6f,90d47212-ff9f-5efe-a79f-30b44e7f871c
f35b67ed-d503-5cfa-9c5f-a81d7cce5590,GA-HE-0000001206,Herman Miller Gaming Chairs J121,4db9bec9-2fb0-5f15-8fce-d7a2131ab574,4f28e724-aae4-58cf-860e-8adc6460acee
d5dccaa2-551c-531b-9e02-168bc66f06e7,GA-HE-0000001207,Herman Miller Gaming Chairs X778,4db9bec9-2fb0-5f15-8fce-d7a2131ab574,4f28e724-aae4-58cf-860e-8adc6460acee
c6a344b4-56e6-5759-96d9-8d6fc212fa8c,GA-HP-0000001148,HP Gaming PCs i7 32GB 1TB RTX 4070 E804,d535f340-84b1-5bee-93d3-c7b116edea90,77111639-875f-5f14-a773-22a79de3f12a
1411a35d-a6a3-5b0c-8059-c7b71e2d24b1,GA-HP-0000001244,HP VR Controllers N389,a1d3d54f-380e-57c8-97f2-cac7af84ce6e,77111639-875f-5f14-a773-22a79de3f12a
555f13de-1a4d-5612-bfe3-02cdaced5210,GA-HT-0000001237,HTC Vive VR Controllers H582,a1d3d54f-380e-57c8-97f2-cac7af84ce6e,3fbb37fe-bc60-5962-9b35-a7a417b2ee8c
f25f940a-4002-59bb-bc8c-816a9448238d,GA-HY-0000001191,HyperX Gaming Peripherals U264,aaac2bf8-3972-59cb-b4f7-404cab8b1c55,472a0406-73d7-50af-97b2-6a96f4f8266a
0c688cae-1f4e-573d-9ed5-2e5d0394fe0d,GA-LE-0000001257,Lenovo Legion VR-Ready PCs Ryzen 5 16GB 1TB F345,13ce5c06-80e7-5d0d-8f65-02162f94bb6f,0cff5876-1793-5399-a5e2-2bfb2ae7ae04
910dd6c0-4c4f-5f5b-b5c7-2a69fdcafb8c,GA-ME-0000001210,Meta Quest VR Headsets O497,b7bfe2d0-5f7d-53e9-8b16-afc87abb38fc,8c2af7bb-e134-576c-bdac-0b60a721ae37
58b08680-a2d3-550b-86cd-647a05eecfdd,GA-ME-0000001211,Meta Quest VR Headsets I408,b7bfe2d0-5f7d-53e9-8b16-afc87abb38fc,8c2af7bb-e134-576c-bdac-0b60a721ae37
c523b89b-d5f0-5f6e-aa88-1b516e4057b5,GA-ME-0000001235,Meta Quest VR Controllers W507,a1d3d54f-380e-57c8-97f2-cac7af84ce6e,8c2af7bb-e134-576c-bdac-0b60a721ae37
cc95222d-51a9-576f-90d4-94932849d9c5,GA-MS-0000001146,MSI Gaming PCs i9 32GB 4TB RTX 4080 A591,d535f340-84b1-5bee-93d3-c7b116edea90,a7b68ff9-1f4c-5758-b28a-209a1d6b7c6c
a4b2f2e6-e393-5433-8c57-5a7b3ac54bcc,GA-MS-0000001160,MSI Gaming Laptops Ryzen 9 8GB 512GB RTX 4070 Q774,c9c75582-6fb3-54b0-bdc3-25d8fb21ff91,a7b68ff9-1f4c-5758-b28a-209a1d6b7c6c
f74d7024-ae41-5eca-aa5e-377ec665fce1,GA-MS-0000001164,MSI Gaming Laptops i7 16GB 512GB RTX 4060 P609,c9c75582-6fb3-54b0-bdc3-25d8fb21ff91,a7b68ff9-1f4c-5758-b28a-209a1d6b7c6c
2b28333e-abcb-5285-ad8e-fc3373e28823,GA-MS-0000001264,MSI VR-Ready PCs i7 64GB 2TB V407,13ce5c06-80e7-5d0d-8f65-02162f94bb6f,a7b68ff9-1f4c-5758-b28a-209a1d6b7c6c
62a61007-7c05-5c16-9acd-bedf29ec8750,GA-MS-0000001268,MSI VR-Ready PCs Ryzen 5 64GB 2TB S841,13ce5c06-80e7-5d0d-8f65-02162f94bb6f,a7b68ff9-1f4c-5758-b28a-209a1d6b7c6c
a7fcfa5a-8845-56e4-ae70-faabadca3ee9,GA-NI-0000001117,Nintendo Handheld Consoles O446,b87b9948-3c7c-587b-8fd9-00fc13b42bf6,eb67e110-e951-5939-b711-9f2771fce272
a2db9c0f-ce34-5d1b-b120-967272dca5a8,GA-NO-0000001205,Noblechairs Gaming Chairs I903,4db9bec9-2fb0-5f15-8fce-d7a2131ab574,3200a984-5029-504e-af14-9c13bf306e10
9b57b3c2-56d5-5c2f-afd8-dabbc0186b6c,GA-OR-0000001275,Origin PC VR-Ready PCs i5 16GB 1TB P532,13ce5c06-80e7-5d0d-8f65-02162f94bb6f,076c7eec-f848-50a6-b7b3-de3c50ede262
db44f4a2-ce15-5c39-b2c1-fc01c1a1e60b,GA-RA-0000001179,Razer Gaming Peripherals Z177,aaac2bf8-3972-59cb-b4f7-404cab8b1c55,6d4a91d2-0b35-54d8-baa2-8e8adb66df0f
d0fb0abd-b8d0-51f0-8fcf-96a5a6ae43c9,GA-SE-0000001137,Sega Retro Consoles P168,61baefd1-83d6-5614-8995-f5b7ed222584,f0c79e2d-9e09-50af-89f5-0da5ace9f15a
498463b1-ccf9-596d-8838-b0fa12d4dd18,GA-SE-0000001196,Secretlab Gaming Chairs A156,4db9bec9-2fb0-5f15-8fce-d7a2131ab574,66d233e6-2a89-50b4-ab55-df57e1a8e809
95050195-78eb-5a94-9fc1-67662d08633e,GA-SO-0000001104,Sony Next-gen Consoles Q760,a8f2f726-d3fc-5aca-a1ee-96460a0e6eb9,9a468472-96ab-5128-8e47-c15dac9e261b
cbf299a5-43b8-5d37-9003-79780cf03fe4,GA-VA-0000001118,Valve Handheld Consoles R219,b87b9948-3c7c-587b-8fd9-00fc13b42bf6,57e5669e-1cec-52e8-a10c-14ff45065c3f
c6aacda7-ed38-55a7-bf43-9d8b7ebb6687,GA-VA-0000001120,Valve Handheld Consoles S639,b87b9948-3c7c-587b-8fd9-00fc13b42bf6,57e5669e-1cec-52e8-a10c-14ff45065c3f
9d6ef035-8868-5b83-9c8f-e62bcfc23e8e,GA-VA-0000001217,Valve VR Headsets W128,b7bfe2d0-5f7d-53e9-8b16-afc87abb38fc,57e5669e-1cec-52e8-a10c-14ff45065c3f
9312aed5-2f0a-5c88-b4f1-e18f191b7568,MO-AN-0000000534,Anker Wall Chargers A149,915d440a-f649-5ac8-95ae-9867897c681e,17113e99-78a2-5452-acb1-9f575061b948
87a2c3cf-e958-5aad-a9b4-d8c356827b74,MO-AN-0000000535,Anker Wall Chargers N604,915d440a-f649-5ac8-95ae-9867897c681e,17113e99-78a2-5452-acb1-9f575061b948
620fdb6b-28e5-5913-8829-590b12e92ddb,MO-AP-0000000351,iPhone 15 Pro Max 1TB,12a02fb5-49ca-5d7f-8084-3eff14933ec7,8a378c91-6cad-5602-a8c7-39d7ac4d72cd
8fbbabe5-9609-5344-b44d-dcd84e2b0063,MO-AP-0000000354,iPhone 15 Pro 128GB,12a02fb5-49ca-5d7f-8084-3eff14933ec7,8a378c91-6cad-5602-a8c7-39d7ac4d72cd
381a6b5e-84ba-5bf3-8911-bd1a41447f29,MO-AP-0000000366,iPhone 13 1TB,99b2a2bd-b279-552f-87fe-00a49e2ee874,8a378c91-6cad-5602-a8c7-39d7ac4d72cd
2f4bbe38-8e97-5fbf-9cc9-7e687b0aa5d7,MO-AP-0000000415,Apple Luxury Smartwatches F290,c45a31c4-aaa3-5b1d-85ae-c7a1a0995b1f,8a378c91-6cad-5602-a8c7-39d7ac4d72cd
a152c718-4067-59f1-b8a9-5cc68bd5304b,MO-AP-0000000541,Apple Wall Chargers K310,915d440a-f649-5ac8-95ae-9867897c681e,8a378c91-6cad-5602-a8c7-39d7ac4d72cd
ea76b8c8-ea01-5fb7-92e2-c9c873972241,MO-AU-0000000586,AUKEY Portable Chargers T506,abcf38aa-0cd0-5951-85d9-43d7386d83e1,0d320725-61fc-5d4a-964f-059a8b8df4b9
b2e66149-6d4e-54b8-9701-f581141bbbaa,MO-BE-0000000537,Belkin Wall Chargers B401,915d440a-f649-5ac8-95ae-9867897c681e,8566dbbd-6485-5e95-80e4-094ef426900a
bab25472-b315-5f6a-8289-f84b40e5ea42,MO-BE-0000000538,Belkin Wall Chargers K274,915d440a-f649-5ac8-95ae-9867897c681e,8566dbbd-6485-5e95-80e4-094ef426900a
1a57dbf2-c951-56fd-a8fb-6f566dfdcec2,MO-BE-0000000583,Belkin Portable Chargers E762,abcf38aa-0cd0-5951-85d9-43d7386d83e1,8566dbbd-6485-5e95-80e4-094ef426900a
3e105a8f-d067-59f1-b572-55e1fbee3b9c,MO-CA-0000000479,Casetify Phone Cases 8GB 128GB X365,78bd02df-24de-53c5-9af5-26daa0c131ad,f711e08c-0098-55e6-923d-2ecef6877680
de11f262-9e3b-5eaf-96b7-23eba6278671,MO-GA-0000000397,Garmin Fitness Watches W314,01e8481b-e26c-547f-96d0-c3be9c82c16e,bc29af2c-f8d7-540c-aa06-0bb5ac84d904
8be566d6-7197-55b0-93ad-fb038dfc34a8,MO-GO-0000000358,Google Flagship Phones 12GB 128GB P577,12a02fb5-49ca-5d7f-8084-3eff14933ec7,9a2ae9ad-c3a6-54f0-aaf6-9b8ce06f4fa0
4abf68a5-e7cc-589a-9d6c-e17d2a56c8fa,MO-GO-0000000361,Google Flagship Phones 6GB 512GB H488,12a02fb5-49ca-5d7f-8084-3eff14933ec7,9a2ae9ad-c3a6-54f0-aaf6-9b8ce06f4fa0
690069cb-c81b-52db-a0bd-11654fc35cff,MO-LO-0000000502,Logitech Tablet Cases E898,bb1d1692-a325-59f6-a1fe-5024357cdb86,852d3300-b6d6-5521-bed0-334f3bdb9ef3
1a9e014e-c5bb-5003-846d-5772feabeccf,MO-LO-0000000505,Logitech Tablet Cases C261,bb1d1692-a325-59f6-a1fe-5024357cdb86,852d3300-b6d6-5521-bed0-334f3bdb9ef3
0c9df731-60f4-5524-bf18-ac158808c813,MO-MO-0000000375,Motorola Mid-range Phones 6GB 512GB R677,99b2a2bd-b279-552f-87fe-00a49e2ee874,625a5a95-d9c3-5ff2-b187-69d31d5424f2
f0b39a72-e44a-5af2-adae-a13cce83a9b8,MO-MO-0000000430,Montblanc Luxury Smartwatches A914,c45a31c4-aaa3-5b1d-85ae-c7a1a0995b1f,d75bdcfd-8af3-573f-aba5-b547d24646ea
09b2b55d-2847-54de-8e43-5f637a9f384b,MO-MO-0000000577,Mophie Portable Chargers D797,abcf38aa-0cd0-5951-85d9-43d7386d83e1,371272e6-5b3f-56de-b8c8-793b319769c0
86eee8ac-8f54-5392-8613-dc790d6d8850,MO-MO-0000000581,Mophie Portable Chargers H762,abcf38aa-0cd0-5951-85d9-43d7386d83e1,371272e6-5b3f-56de-b8c8-793b319769c0
76c1c18e-9600-5609-837a-735f34c0a0a3,MO-NA-0000000569,Native Union Wireless Chargers W801,e9d14c2d-9090-5c7a-a3e2-3a1742c4f2a6,cf210f80-bb8e-5357-81d3-7f8ea6d2c535
3e07898c-daf9-50d6-976b-d912b8352907,MO-OP-0000000391,Oppo Budget Phones 8GB 256GB T489,3c1717e8-63cc-5664-8688-e4afe8d232ec,78194b53-06d2-5331-be3b-9822a9343d18
bac49553-f4cf-57de-af6b-2f8cc3e7d6ed,MO-OT-0000000492,OtterBox Tablet Cases H254,bb1d1692-a325-59f6-a1fe-5024357cdb86,f717f452-8ce8-5db5-8a27-a4ae5ed81171
5aea4e7f-bdc5-519a-80cc-ff69358be4c8,MO-PE-0000000524,Peak Design Laptop Bags i5 16GB 2TB B192,a23a4929-88bb-5c54-a8cf-1f7cf64431f9,4bf5b007-1450-5fdb-972a-feef38862c65
fdcab5e1-51e1-5fbe-b265-7bf8576e0d33,MO-PE-0000000525,Peak Design Laptop Bags i7 32GB 2TB T306,a23a4929-88bb-5c54-a8cf-1f7cf64431f9,4bf5b007-1450-5fdb-972a-feef38862c65
4001e214-3abc-5d29-a0dc-e0acdbf33488,MO-PE-0000000528,Peak Design Laptop Bags Ryzen 5 64GB 2TB F849,a23a4929-88bb-5c54-a8cf-1f7cf64431f9,4bf5b007-1450-5fdb-972a-feef38862c65
3bfd7cb8-7aaf-5f6f-a894-505622dbeaac,MO-PO-0000000409,Polar Fitness Watches D951,01e8481b-e26c-547f-96d0-c3be9c82c16e,ce3fabcc-a57c-536b-9c13-b7025cd6a2ee
4d79613b-a3b2-5dab-acb0-287b815a7c7d,MO-SA-0000000355,Samsung Flagship Phones 6GB 128GB K410,12a02fb5-49ca-5d7f-8084-3eff14933ec7,221ffc9a-9703-50a2-87b4-f97dd06acdd4
c1e1b692-7a4f-5dd9-bd85-bd5e2073cf63,MO-SA-0000000369,Samsung Mid-range Phones 8GB 256GB T639,99b2a2bd-b279-552f-87fe-00a49e2ee874,221ffc9a-9703-50a2-87b4-f97dd06acdd4
5eaa47f2-db40-5c56-a0d5-613c4b80630a,MO-SA-0000000429,Samsung Luxury Smartwatches N801,c45a31c4-aaa3-5b1d-85ae-c7a1a0995b1f,221ffc9a-9703-50a2-87b4-f97dd06acdd4
c1642fef-47c1-5bd5-8746-66771b173687,MO-SA-0000000521,Samsonite Laptop Bags i9 8GB 512GB V346,a23a4929-88bb-5c54-a8cf-1f7cf64431f9,11789291-e827-5471-9967-7e76ecca7f41
fec9f267-c8eb-52be-aca1-f29dc332faa2,MO-SA-0000000545,Samsung Wall Chargers P304,915d440a-f649-5ac8-95ae-9867897c681e,221ffc9a-9703-50a2-87b4-f97dd06acdd4
2d1be7f0-3aea-5bf9-a37d-4ad33983040e,MO-SA-0000000561,Samsung Wireless Chargers Q900,e9d14c2d-9090-5c7a-a3e2-3a1742c4f2a6,221ffc9a-9703-50a2-87b4-f97dd06acdd4
8f294c9f-9481-5e6f-a698-84a8c30dffaa,MO-SA-0000000562,Samsung Wireless Chargers S696,e9d14c2d-9090-5c7a-a3e2-3a1742c4f2a6,221ffc9a-9703-50a2-87b4-f97dd06acdd4
c6648278-b573-505f-a676-6a3b11d98b59,MO-SU-0000000410,Suunto Fitness Watches Z311,01e8481b-e26c-547f-96d0-c3be9c82c16e,c231e8ee-535b-5e06-b397-8ceae0513350
1b6f11b6-d45c-529b-af9d-6961d98224ae,MO-TA-0000000421,TAG Heuer Luxury Smartwatches L460,c45a31c4-aaa3-5b1d-85ae-c7a1a0995b1f,ab1e26e6-84b6-5810-98b4-27e337ee60c1
7bf4dae7-2b00-5ca7-8767-5fc4aa3ae4d2,MO-TA-0000000517,Targus Laptop Bags i7 64GB 512GB I492,a23a4929-88bb-5c54-a8cf-1f7cf64431f9,4b7d456e-7858-55e7-8782-3e27ce65a4f3
7bb5f81d-e85e-5ae8-94c9-e3b06cfb4fd0,MO-TH-0000000530,Thule Laptop Bags Ryzen 7 8GB 512GB S500,a23a4929-88bb-5c54-a8cf-1f7cf64431f9,06a2a827-98ae-5caa-827f-a425f1077a9f
7b46aa6b-f591-518c-ae20-3ff922fe8e4c,MO-TI-0000000445,TickTalk Kids Smartwatches M601,e869643b-e46a-5e02-afed-f4b0fb2b9557,a9d73e20-4f4e-54bc-8d4d-1178a67fbea9
86b3a9e7-79f6-5a1f-a13c-84e5ff5ca6ee,MO-UA-0000000466,UAG Phone Cases 6GB 512GB T391,78bd02df-24de-53c5-9af5-26daa0c131ad,8db2d5af-656e-5fc5-bd70-651ae2808019
a1488331-094f-5332-b056-14654e0cdb05,MO-UA-0000000493,UAG Tablet Cases U959,bb1d1692-a325-59f6-a1fe-5024357cdb86,8db2d5af-656e-5fc5-bd70-651ae2808019
f0a607b1-7547-5317-96ee-51b7d710d5ca,MO-XI-0000000383,Xiaomi Budget Phones 8GB 256GB E857,3c1717e8-63cc-5664-8688-e4afe8d232ec,98d3c2c2-8a75-54d5-b763-4fce1a636a62
98ef4668-a46b-5c7a-91f5-83b0fbd5bfb8,MO-ZU-0000000507,ZUGU Tablet Cases H464,bb1d1692-a325-59f6-a1fe-5024357cdb86,d25313b5-09b1-5335-9478-e6ef0c2de10a
28fd2ff3-5c12-542f-852f-1d22d57edaca,NE-AS-0000001891,ASUS Wi-Fi 6 Routers WiFi 7 AX11000 K630,def149fe-f68e-5370-bb54-463495ed0914,bfb6e572-54ab-531a-8083-845d72213eb3
14782e7f-82a7-5aa4-a065-45deef6a9626,NE-AS-0000001986,ASUS WiFi Extenders WiFi 6E AX11000 X794,639cd399-eba8-5c8b-b1c5-02fd27657715,bfb6e572-54ab-531a-8083-845d72213eb3
820f33ef-622c-5952-ac51-c7e148f34a15,NE-AS-0000001987,ASUS WiFi Extenders WiFi 6 AX6000 Q366,639cd399-eba8-5c8b-b1c5-02fd27657715,bfb6e572-54ab-531a-8083-845d72213eb3
886e2f61-f427-54ab-969d-7eace1db3721,NE-AS-0000002000,ASUS WiFi Adapters WiFi 6E AX5400 K721,7bf284bd-0ebc-5b0f-9ccc-836d0419f821,bfb6e572-54ab-531a-8083-845d72213eb3
5155a4ef-d1c7-5e1b-9ca9-d64e39fd9720,NE-AS-0000002002,ASUS WiFi Adapters WiFi 6 AX11000 S126,7bf284bd-0ebc-5b0f-9ccc-836d0419f821,bfb6e572-54ab-531a-8083-845d72213eb3
5e771a2c-8cec-5275-b631-1d7de15039e5,NE-AS-0000002050,ASUS VPN Routers WiFi 7 AX5400 U501,23531d08-3e6a-546e-8a8b-53dde9800291,bfb6e572-54ab-531a-8083-845d72213eb3
1bbe529e-5a66-57d5-8136-5df96e0f74dc,NE-AS-0000002074,Asustor Network Attached Storage (NAS) A506,439322a8-00e7-5dfb-ad6d-66bf6d2bc220,eba5e1e0-c466-58a0-bc74-143e8937ac64
d49f7835-2149-5a77-ae0a-377f8044ef17,NE-AS-0000002075,Asustor Network Attached Storage (NAS) D758,439322a8-00e7-5dfb-ad6d-66bf6d2bc220,eba5e1e0-c466-58a0-bc74-143e8937ac64
928dd323-5870-5e20-9130-3f101e46bfb7,NE-BU-0000002085,Buffalo Network Attached Storage (NAS) F302,439322a8-00e7-5dfb-ad6d-66bf6d2bc220,7d25a089-ac4d-57a4-8816-ddf6abdcc5a7
7c7298c1-3c98-5681-adf8-e3dd89c41e52,NE-CI-0000001974,Cisco PoE Switches Y664,676ad8fc-9f02-545e-b7b9-cb840dba3d4f,65da700d-6483-5e82-b096-294885a889da
5f5c1da1-5924-5f79-a6ce-4c6ba3760865,NE-CI-0000002033,Cisco Firewalls R650,2f823c9a-f441-5fdb-974e-a11aa3600f81,65da700d-6483-5e82-b096-294885a889da
9c42276d-c5bc-5566-8184-aa41b28c487d,NE-D--0000001907,D-Link Wi-Fi 6 Routers WiFi 6E AX11000 J187,def149fe-f68e-5370-bb54-463495ed0914,1a66fdd6-b6bd-5c48-9e9c-e4a72fc0429a
7733b2db-f2b3-52e1-bd0e-b01506e1c369,NE-D--0000001940,D-Link Managed Switches W560,c8b36c77-a7ca-51bc-824d-a22d04137e98,1a66fdd6-b6bd-5c48-9e9c-e4a72fc0429a
cefaede7-d12e-5f7c-b83a-b07747669c8c,NE-D--0000001956,D-Link Unmanaged Switches E309,63425939-92d5-5414-8880-e0235e949c06,1a66fdd6-b6bd-5c48-9e9c-e4a72fc0429a
45181902-feab-5429-b07a-36e96586b13b,NE-D--0000002005,D-Link WiFi Adapters WiFi 7 AX11000 H678,7bf284bd-0ebc-5b0f-9ccc-836d0419f821,1a66fdd6-b6bd-5c48-9e9c-e4a72fc0429a
aa0d59ad-8d3d-58ec-8e39-b7e35b0b3709,NE-FO-0000002029,Fortinet Firewalls D455,2f823c9a-f441-5fdb-974e-a11aa3600f81,fb56ddd2-8d44-5ee5-9fb5-c9126e61c874
770c643d-ca20-5bc5-b736-3a4a156e6878,NE-FO-0000002031,Fortinet Firewalls T871,2f823c9a-f441-5fdb-974e-a11aa3600f81,fb56ddd2-8d44-5ee5-9fb5-c9126e61c874
f0de2f0e-b548-592b-be05-0a1b45652248,NE-GO-0000001857,Google Mesh Systems WiFi 7 AX1800 B445,d63c616c-d754-52eb-93b7-991440d2dc6f,9a2ae9ad-c3a6-54f0-aaf6-9b8ce06f4fa0
c4ca796a-6e8b-5a2c-bbb3-88a668a1c010,NE-HU-0000001915,Huawei 4G/5G Routers WiFi 7 AX1800 S790,92be4171-646a-5988-9eea-6d959576924c,57ab3d00-8579-5925-8e5e-76a93c8178a1
90b1dddc-e82b-5731-9aab-4328719404ce,NE-HU-0000001918,Huawei 4G/5G Routers WiFi 7 AX1800 T223,92be4171-646a-5988-9eea-6d959576924c,57ab3d00-8579-5925-8e5e-76a93c8178a1
b7455e82-abf7-556e-8e4f-fa26ce61f7a5,NE-JU-0000001945,Juniper Managed Switches S659,c8b36c77-a7ca-51bc-824d-a22d04137e98,a73f57cf-1c58-5d9f-87ae-50fff72e17de
26b1d1a7-8872-55d8-8af2-615e0fddb616,NE-JU-0000001946,Juniper Managed Switches X757,c8b36c77-a7ca-51bc-824d-a22d04137e98,a73f57cf-1c58-5d9f-87ae-50fff72e17de
068c334e-8c2c-588c-8475-16b1395f2496,NE-LI-0000001873,Linksys Mesh Systems WiFi 7 AX5400 N268,d63c616c-d754-52eb-93b7-991440d2dc6f,f9105f8b-4ea8-53cc-b600-7848e7f1e3fa
28bfb50c-4676-507c-b501-aa11a966b228,NE-LI-0000001988,Linksys WiFi Extenders WiFi 6E AX1800 Z798,639cd399-eba8-5c8b-b1c5-02fd27657715,f9105f8b-4ea8-53cc-b600-7848e7f1e3fa
b11ee63c-4a38-5cfe-8354-f9dc387facf6,NE-LI-0000002007,Linksys WiFi Adapters WiFi 6 AX5400 S400,7bf284bd-0ebc-5b0f-9ccc-836d0419f821,f9105f8b-4ea8-53cc-b600-7848e7f1e3fa
3c6759b6-8ff6-5629-80f6-d623431e4eec,NE-NE-0000001860,NETGEAR Mesh Systems WiFi 6E AX11000 U224,d63c616c-d754-52eb-93b7-991440d2dc6f,52fb9be6-323d-5878-9421-07eb75feefe9
2e437916-3b09-5759-8b38-5e4da67d8b93,NE-NE-0000001861,NETGEAR Mesh Systems WiFi 6E AX6000 E207,d63c616c-d754-52eb-93b7-991440d2dc6f,52fb9be6-323d-5878-9421-07eb75feefe9
9d998316-c651-5177-82ba-6acef6928c56,NE-NE-0000001934,NETGEAR Managed Switches T949,c8b36c77-a7ca-51bc-824d-a22d04137e98,52fb9be6-323d-5878-9421-07eb75feefe9
75500bbc-e6e8-597a-a95a-15b70a11095f,NE-SO-0000002042,SonicWall Firewalls V957,2f823c9a-f441-5fdb-974e-a11aa3600f81,0e88083f-5470-56c7-b165-362f79768ff3
e1db5295-766b-543d-9f54-06b9c61943e4,NE-SY-0000002062,Synology VPN Routers WiFi 7 AX1800 A873,23531d08-3e6a-546e-8a8b-53dde9800291,23bbd092-1055-5698-9d48-91ac832249b8
e963f978-9249-5a79-8d32-53fc39bc647f,NE-SY-0000002063,Synology VPN Routers WiFi 6 AX3000 J408,23531d08-3e6a-546e-8a8b-53dde9800291,23bbd092-1055-5698-9d48-91ac832249b8
0bdfe7e8-906b-5548-b301-22aa3d49f518,NE-TE-0000002080,TerraMaster Network Attached Storage (NAS) K805,439322a8-00e7-5dfb-ad6d-66bf6d2bc220,45b0ee71-8807-5212-89bc-3cc535c19ecb
9036a474-23fc-570b-a019-675ab8430070,NE-TP-0000001882,TP-Link Gaming Routers WiFi 6E AX3000 W374,1ad60987-e82b-58e2-9dc4-559f14b1e757,d4f8d40c-0e53-53ec-a9e0-5cc3184bb744
db0d6ae0-6a06-5587-8cd9-26c5a155d3fa,NE-TP-0000001899,TP-Link Wi-Fi 6 Routers WiFi 7 AX3000 T671,def149fe-f68e-5370-bb54-463495ed0914,d4f8d40c-0e53-53ec-a9e0-5cc3184bb744
a94b1171-2b1c-55ad-a32c-527db66a9a5d,NE-TP-0000001936,TP-Link Managed Switches K878,c8b36c77-a7ca-51bc-824d-a22d04137e98,d4f8d40c-0e53-53ec-a9e0-5cc3184bb744
f1a540a4-1540-50c0-a413-8114a61bb0f5,NE-TP-0000001984,TP-Link WiFi Extenders WiFi 6E AX5400 A723,639cd399-eba8-5c8b-b1c5-02fd27657715,d4f8d40c-0e53-53ec-a9e0-5cc3184bb744
5abca059-8ee9-5083-984b-b1cfe0f52d1a,NE-TP-0000002015,TP-Link Wireless Access Points R828,61643752-0494-5abc-9c2d-2062c6a7fb45,d4f8d40c-0e53-53ec-a9e0-5cc3184bb744
acc7764e-0c5c-5f0e-a8e2-54cdc9cdcaa0,NE-TP-0000002017,TP-Link Wireless Access Points E627,61643752-0494-5abc-9c2d-2062c6a7fb45,d4f8d40c-0e53-53ec-a9e0-5cc3184bb744
e56290a0-43b6-576c-80e1-9d6743c6e19d,NE-UB-0000001938,Ubiquiti Managed Switches T356,c8b36c77-a7ca-51bc-824d-a22d04137e98,ba9f8ae9-72fb-58d3-9901-ab40b7b9de1b
0735fb60-f900-552e-a6ad-16c2ffabe7f9,NE-WE-0000002071,Western Digital Network Attached Storage (NAS) N674,439322a8-00e7-5dfb-ad6d-66bf6d2bc220,95a89d0c-bf8f-5702-a575-769e5fc75f22
af6748f4-fab4-58c6-bb56-4ec60a6fca47,SM-AM-0000001376,Amazon Smart Plugs A227,afd86016-e7d2-541a-8341-bcf9cef73e74,82575fb3-03f1-5037-b354-ee70c95808a2
e163e4c9-45e2-5da7-bcd7-f7e2097df45f,SM-AM-0000001394,Amazon Smart Thermostats D584,ba0252a2-8a25-56b9-8845-71084551567f,82575fb3-03f1-5037-b354-ee70c95808a2
df56962d-cf4b-5539-aacb-c1886015f618,SM-AU-0000001295,August Smart Locks D943,6e896a7c-2bff-557a-aaaa-54b73cc245c6,e3313c78-ab61-5258-92f3-d18ec8418fbd
a058d7f6-d87b-5031-92e5-8873b34c958a,SM-BE-0000001368,Belkin Smart Plugs U367,afd86016-e7d2-541a-8341-bcf9cef73e74,8566dbbd-6485-5e95-80e4-094ef426900a
4a21b3db-68a5-5b69-9c48-0bd7cdab7dbd,SM-CA-0000001470,Casablanca Smart Fans T926,083ee8d8-65aa-5a48-860f-daffeaee8da1,85386a72-8931-545b-b105-3ef12e89b790
fda0af20-18a2-5d9f-b095-8e285220473d,SM-CA-0000001471,Casablanca Smart Fans P571,083ee8d8-65aa-5a48-860f-daffeaee8da1,85386a72-8931-545b-b105-3ef12e89b790
ccdc4301-051e-5065-948c-803617d360e4,SM-CO-0000001483,Coway Air Purifiers R772,c4d4f543-52a3-54c4-9896-355afbf24766,87e82f98-3632-59c2-9440-2bbf47ea830a
ffd9e4b8-1bfa-5699-8ae7-2432bb0798ae,SM-CO-0000001485,Coway Air Purifiers F401,c4d4f543-52a3-54c4-9896-355afbf24766,87e82f98-3632-59c2-9440-2bbf47ea830a
c1dfaea4-e709-5f30-8473-522a21630b49,SM-CO-0000001487,Coway Air Purifiers F321,c4d4f543-52a3-54c4-9896-355afbf24766,87e82f98-3632-59c2-9440-2bbf47ea830a
e0ed2668-60a6-5138-83fe-d3098dada6cd,SM-EC-0000001387,Ecobee Smart Thermostats N380,ba0252a2-8a25-56b9-8845-71084551567f,f1addfef-dd27-5e1f-92f9-37418df97226
57f49f05-9415-516d-8af4-8139a6f4eef8,SM-EC-0000001388,Ecobee Smart Thermostats Q877,ba0252a2-8a25-56b9-8845-71084551567f,f1addfef-dd27-5e1f-92f9-37418df97226
d68fc11c-6908-5314-bb04-2477bc49cad2,SM-EM-0000001395,Emerson Smart Thermostats Q913,ba0252a2-8a25-56b9-8845-71084551567f,bd33a454-96d5-5135-a677-80bf41c3b6d2
672c847c-d482-5c73-ad85-c566c236695f,SM-EU-0000001288,Eufy Security Cameras 45MP D912,4aedc63e-2922-5128-b633-fbaeda39f23d,0bcad599-ebba-5406-a6c4-f52491d2cc57
5ff7ee15-97d5-5297-a4e6-748da7391659,SM-EU-0000001330,Eufy Video Doorbells P133,0c220b25-fb59-5529-9782-9e4e1eb32142,0bcad599-ebba-5406-a6c4-f52491d2cc57
4a3ce91c-78b1-5691-8a34-71a1de331e47,SM-FR-0000001495,Frigidaire Dehumidifiers T312,c9df625c-0f7c-52a9-bdb1-6dd07611a720,0abb0608-e9ee-531c-8994-406c063c6296
44d821bd-450c-5d64-b659-32c400866c08,SM-FR-0000001496,Frigidaire Dehumidifiers H318,c9df625c-0f7c-52a9-bdb1-6dd07611a720,0abb0608-e9ee-531c-8994-406c063c6296
5479cd83-94dc-5557-b50c-8da5e1513220,SM-GE-0000001442,GE Profile Smart Air Conditioners Q625,6787f562-8434-5091-b924-abf325f6f786,eceb9921-99aa-5ebb-ba36-317b6914b032
beabc348-eb1c-5667-81de-b9c020a2da07,SM-GE-0000001445,GE Profile Smart Air Conditioners Y799,6787f562-8434-5091-b924-abf325f6f786,eceb9921-99aa-5ebb-ba36-317b6914b032
8c6b0da8-a4c0-5f1b-91f6-cdf8a0cbb429,SM-GO-0000001285,Google Nest Security Cameras 36MP O234,4aedc63e-2922-5128-b633-fbaeda39f23d,7fb536f4-9f05-56c1-98aa-e0d0f300c446
53404cd0-074b-5690-9489-317fb322d570,SM-GO-0000001313,Google Nest Alarm Systems R442,b737e9ef-e927-530d-8e66-e1060eb420ec,7fb536f4-9f05-56c1-98aa-e0d0f300c446
914df550-4b8b-5fa2-af3f-167f91b328b6,SM-GO-0000001315,Google Nest Alarm Systems Q448,b737e9ef-e927-530d-8e66-e1060eb420ec,7fb536f4-9f05-56c1-98aa-e0d0f300c446
ad3cfbd6-fdf3-571e-9e92-cd68e00f5fa5,SM-GO-0000001357,Govee Smart Lighting A375,2b426637-6b5d-5d39-84da-2742344c9b84,3a02a3ba-b444-5bbd-804d-8e40774b3f22
d5580ee0-2993-5925-b238-06bce9fe8148,SM-HA-0000001454,Haier Smart Air Conditioners A611,6787f562-8434-5091-b924-abf325f6f786,3631e630-b588-5baa-87f4-0f77459aa9e8
0a91a44b-3c54-5d85-9626-40c9b2ae3c42,SM-HA-0000001455,Haier Smart Air Conditioners N535,6787f562-8434-5091-b924-abf325f6f786,3631e630-b588-5baa-87f4-0f77459aa9e8
7669837f-6564-58ae-acad-9d3272a1bd51,SM-HA-0000001462,Haiku Smart Fans T600,083ee8d8-65aa-5a48-860f-daffeaee8da1,7f470c5e-77ba-5bcb-9efb-6d621ca7bf28
eab00334-10ba-56d6-b72a-4a67381ac28f,SM-HO-0000001389,Honeywell Home Smart Thermostats R559,ba0252a2-8a25-56b9-8845-71084551567f,5b94b49a-1a89-550d-96b5-fa74880e8ed9
cf51a14c-9971-58ee-b0da-9c3084ac6a94,SM-HO-0000001390,Honeywell Home Smart Thermostats S927,ba0252a2-8a25-56b9-8845-71084551567f,5b94b49a-1a89-550d-96b5-fa74880e8ed9
ff8e65f0-9778-5121-ab61-355fe8f9137e,SM-HO-0000001391,Honeywell Home Smart Thermostats N176,ba0252a2-8a25-56b9-8845-71084551567f,5b94b49a-1a89-550d-96b5-fa74880e8ed9
aa41819a-2d82-573e-a02d-7c1ee9b49c5c,SM-HO-0000001497,hOmeLabs Dehumidifiers K112,c9df625c-0f7c-52a9-bdb1-6dd07611a720,f9fb03cd-d0d9-57a9-8926-683a39ad6b7e
1b5c312e-ae6a-58d9-8f77-4340f69fd6a7,SM-HU-0000001414,Hunter Douglas Smart Blinds K730,6d800e4a-876a-5374-b3ef-540d20c7422e,177a29a4-71cc-558c-a362-8c23b09f4a6f
c877c4b6-1447-52af-8b3d-d26b64923ae4,SM-LG-0000001429,LG ThinQ Smart Air Conditioners B744,6787f562-8434-5091-b924-abf325f6f786,6d42a06f-b906-57aa-b059-94c1acb548ba
82a3175c-a5d6-5cb6-8a4a-99c4fe452273,SM-LG-0000001430,LG ThinQ Smart Air Conditioners S600,6787f562-8434-5091-b924-abf325f6f786,6d42a06f-b906-57aa-b059-94c1acb548ba
e10e1339-eeb9-50ed-b663-b7d73cfe95a4,SM-LI-0000001343,LIFX Smart Lighting R187,2b426637-6b5d-5d39-84da-2742344c9b84,40c4318e-a901-56a9-8a5d-b4853c907143
85da1ed6-cd9f-5359-94e6-72179867ab57,SM-LI-0000001344,LIFX Smart Lighting B683,2b426637-6b5d-5d39-84da-2742344c9b84,40c4318e-a901-56a9-8a5d-b4853c907143
73612acc-e7cf-5644-814a-e34623fdd56b,SM-LI-0000001346,LIFX Smart Lighting I905,2b426637-6b5d-5d39-84da-2742344c9b84,40c4318e-a901-56a9-8a5d-b4853c907143
5522dc91-4add-5f54-9e06-a05e33d2f787,SM-LO-0000001292,Logitech Security Cameras 61MP B888,4aedc63e-2922-5128-b633-fbaeda39f23d,852d3300-b6d6-5521-bed0-334f3bdb9ef3
9f809e6b-eb2d-5947-8a66-6b6c562dfb1a,SM-LO-0000001332,Logitech Video Doorbells E220,0c220b25-fb59-5529-9782-9e4e1eb32142,852d3300-b6d6-5521-bed0-334f3bdb9ef3
cce3323b-267c-578f-9154-7c26518cf590,SM-LO-0000001334,Logitech Video Doorbells B412,0c220b25-fb59-5529-9782-9e4e1eb32142,852d3300-b6d6-5521-bed0-334f3bdb9ef3
03753f72-aab2-5d0c-a2bc-3327bbdc3f46,SM-LU-0000001408,Lutron Smart Blinds L418,6d800e4a-876a-5374-b3ef-540d20c7422e,6f7b11ac-c86a-5bdf-866b-f6482fbb9ddc
06da45cb-8fa6-5040-9763-0b44bb9bdb9d,SM-LU-0000001409,Lutron Smart Blinds P416,6d800e4a-876a-5374-b3ef-540d20c7422e,6f7b11ac-c86a-5bdf-866b-f6482fbb9ddc
0059a3ab-422a-58ec-adbd-dcbf7d861138,SM-LU-0000001410,Lutron Smart Blinds Q700,6d800e4a-876a-5374-b3ef-540d20c7422e,6f7b11ac-c86a-5bdf-866b-f6482fbb9ddc
759e1e35-64ca-5bd7-9220-fdca310ac4d2,SM-MI-0000001432,Midea Smart Air Conditioners Q483,6787f562-8434-5091-b924-abf325f6f786,63080b47-c4cc-5a33-aa89-caaaa1d3cea8
e9f08475-9167-5820-b72d-be5e6f661498,SM-MO-0000001488,Molekule Air Purifiers U930,c4d4f543-52a3-54c4-9896-355afbf24766,be7b3d8e-63b5-5723-b421-dfdff6984ebb
04a4fc0b-8472-5ae6-b81d-0f58ae79645b,SM-NE-0000001323,Nest Video Doorbells Y469,0c220b25-fb59-5529-9782-9e4e1eb32142,a0733642-3c58-5cb9-aa28-8a0610eaa40c
24c18f2e-afa2-51c6-b153-f4e6d90a26b9,SM-NE-0000001386,Nest Smart Thermostats O102,ba0252a2-8a25-56b9-8845-71084551567f,a0733642-3c58-5cb9-aa28-8a0610eaa40c
b02d7935-3164-5a98-979d-e9ae075839c0,SM-PH-0000001380,Philips Smart Plugs W720,afd86016-e7d2-541a-8341-bcf9cef73e74,ac713c41-91ff-5962-8e50-899f7e5c1822
4b4c4740-52e7-5986-b125-c8bf9a4435ea,SM-RI-0000001278,Ring Security Cameras 45MP N968,4aedc63e-2922-5128-b633-fbaeda39f23d,c7a94865-436c-5cee-878d-ef69dbcbde66
4bad5669-b92c-531f-9ad5-037237304daa,SM-RI-0000001309,Ring Alarm Systems L108,b737e9ef-e927-530d-8e66-e1060eb420ec,c7a94865-436c-5cee-878d-ef69dbcbde66
081ec881-4ca9-592f-8253-20d36ae923d9,SM-RI-0000001310,Ring Alarm Systems E817,b737e9ef-e927-530d-8e66-e1060eb420ec,c7a94865-436c-5cee-878d-ef69dbcbde66
bbd9bc38-8ddf-59ff-ab30-ea3efcc67b43,SM-SE-0000001360,Sengled Smart Lighting R272,2b426637-6b5d-5d39-84da-2742344c9b84,5fcc918e-9979-532a-9061-938fa1c2ed5d
a96f04e3-0dfa-5abb-b52f-bb0dea793dee,SM-SO-0000001422,Soma Smart Blinds I203,6d800e4a-876a-5374-b3ef-540d20c7422e,84c3171d-b108-5fff-8214-dda9f485aabd
8439c26c-cee5-580b-8228-a809cc0e0334,SM-SO-0000001423,Soma Smart Blinds Z213,6d800e4a-876a-5374-b3ef-540d20c7422e,84c3171d-b108-5fff-8214-dda9f485aabd
5304f6e3-3762-5d59-af53-7fc4d6f3ee70,SM-TA-0000001400,Tado Smart Thermostats M511,ba0252a2-8a25-56b9-8845-71084551567f,c6929219-927c-5ac5-af9c-35686e399164
7d06950d-4e83-5e8b-a66b-187b0001747f,SM-TP-0000001354,TP-Link Kasa Smart Lighting H870,2b426637-6b5d-5d39-84da-2742344c9b84,0230cb17-b8c3-51c8-b0c8-99daa2ea6836
1035c85a-9003-5773-85a6-4d124dd36190,SM-WI-0000001448,Windmill Smart Air Conditioners M941,6787f562-8434-5091-b924-abf325f6f786,c1619100-1557-5bef-ab2c-ece1c3dcaa2f
af5346ac-70b9-5686-b6cf-7008e26937e7,SM-WY-0000001336,Wyze Video Doorbells P686,0c220b25-fb59-5529-9782-9e4e1eb32142,bf5c3b1e-5ffd-5fd6-8960-69ffa81283a0
0c17a793-30d6-55cb-9ca3-30e17923421d,SM-WY-0000001364,Wyze Smart Lighting L962,2b426637-6b5d-5d39-84da-2742344c9b84,bf5c3b1e-5ffd-5fd6-8960-69ffa81283a0
3749589a-38da-5884-a961-4fa440a5be55,VI-AK-0000001035,AKASO Action Cameras 24MP M372,27b0cd10-1a8e-5c8f-b3a2-4102fbe801fa,ac2b3e25-3db9-52e7-9def-e41924e8b487
e152eeec-ead1-5052-a96b-8128bcb76073,VI-AM-0000001091,Amazon Streaming Boxes L152,478cc075-5c34-57df-882a-988711e63908,82575fb3-03f1-5037-b354-ee70c95808a2
f095488d-d527-54ce-b137-ff6a185a9a33,VI-AM-0000001092,Amazon Streaming Boxes L475,478cc075-5c34-57df-882a-988711e63908,82575fb3-03f1-5037-b354-ee70c95808a2
8bc4d07d-ba43-5b21-9e11-fc500b771952,VI-BE-0000000920,BenQ Home Theater Projectors U471,c6898bf0-968c-5ebb-acca-cef9105cb29e,7d4dcf8a-3ef2-514b-9bf5-220e66740533
ff634703-a12b-56c7-9fc7-afa4de608786,VI-BE-0000000921,BenQ Home Theater Projectors Q726,c6898bf0-968c-5ebb-acca-cef9105cb29e,7d4dcf8a-3ef2-514b-9bf5-220e66740533
d195179a-3163-5257-9054-5abe41fcdf0f,VI-BE-0000000961,BenQ Portable Projectors J894,2eb8069e-a8c2-59d1-ac40-5447bb296e2d,7d4dcf8a-3ef2-514b-9bf5-220e66740533
c1757c38-3d8e-5e68-9451-8952497d0f51,VI-BE-0000000975,BenQ Short Throw Projectors Y882,48d4a770-df2e-5149-8faa-14d6af9926b8,7d4dcf8a-3ef2-514b-9bf5-220e66740533
59c285ce-a829-5d08-b234-184748275b3d,VI-BE-0000000978,BenQ Short Throw Projectors T364,48d4a770-df2e-5149-8faa-14d6af9926b8,7d4dcf8a-3ef2-514b-9bf5-220e66740533
f6f3d56a-71ec-54c0-b67d-82f3632c2ac3,VI-CA-0000001014,Canon Mirrorless Cameras Full-Frame 61MP C248,86eacde5-0706-5a27-ad60-c719e5e650cf,d1c5a550-b8f4-5731-9171-d0fcd69c3fba
a4259b01-8e88-5043-97d5-19ec527e3b28,VI-EP-0000000918,Epson Home Theater Projectors W306,c6898bf0-968c-5ebb-acca-cef9105cb29e,a7d469cc-a3d8-5ffb-80b4-f4b866865f1e
55f657c6-6b9e-5f34-9b41-1034a35ec1b5,VI-EP-0000000988,Epson Short Throw Projectors P217,48d4a770-df2e-5149-8faa-14d6af9926b8,a7d469cc-a3d8-5ffb-80b4-f4b866865f1e
7bdce853-f8e1-5337-b087-35f21586f35d,VI-EU-0000001063,Eufy Security Cameras 24MP I154,4bcb78d8-f937-53bc-a52a-d6c60f440321,0bcad599-ebba-5406-a6c4-f52491d2cc57
d22474dd-c3e1-5ded-a650-847ec6a3a449,VI-GA-0000001047,Garmin Action Cameras 61MP R252,27b0cd10-1a8e-5c8f-b3a2-4102fbe801fa,bc29af2c-f8d7-540c-aa06-0bb5ac84d904
19c7e21f-112a-520a-bd3e-01a4980d956f,VI-GA-0000001048,Garmin Action Cameras 20MP P769,27b0cd10-1a8e-5c8f-b3a2-4102fbe801fa,bc29af2c-f8d7-540c-aa06-0bb5ac84d904
a08d3484-f8e3-5075-898e-b78428f3fed1,VI-GA-0000001051,Garmin Action Cameras 45MP D216,27b0cd10-1a8e-5c8f-b3a2-4102fbe801fa,bc29af2c-f8d7-540c-aa06-0bb5ac84d904
582c80d1-9383-557a-b86a-0864bf9ab9ee,VI-GO-0000001058,Google Nest Security Cameras 24MP P808,4bcb78d8-f937-53bc-a52a-d6c60f440321,7fb536f4-9f05-56c1-98aa-e0d0f300c446
9901c7a1-dc9c-5515-95c8-fe611d5940ab,VI-GO-0000001079,Google Streaming Sticks K544,aa1552d1-2cf3-55d3-b71f-edffe2c0767f,9a2ae9ad-c3a6-54f0-aaf6-9b8ce06f4fa0
b233f46d-0f6b-5cbb-9246-6ff723b039b9,VI-HI-0000000881,"Hisense 43"" QLED TVs 120Hz Dolby Vision E444",0a7456ad-272a-58c6-8312-087d87d4c7a4,7f2a5188-8b52-5653-b44c-33f32a6ed9ff
344e31f5-a727-5119-a95d-f393d098e680,VI-HI-0000000882,"Hisense 65"" QLED TVs 144Hz HDR M613",0a7456ad-272a-58c6-8312-087d87d4c7a4,7f2a5188-8b52-5653-b44c-33f32a6ed9ff
2743a94f-16cd-5c69-b736-15abbef1bdd4,VI-HI-0000000885,"Hisense 55"" QLED TVs 60Hz HDR10+ N474",0a7456ad-272a-58c6-8312-087d87d4c7a4,7f2a5188-8b52-5653-b44c-33f32a6ed9ff
7018af0a-d059-54dd-b9df-ee36bc0fc236,VI-HI-0000000981,Hisense Short Throw Projectors J886,48d4a770-df2e-5149-8faa-14d6af9926b8,7f2a5188-8b52-5653-b44c-33f32a6ed9ff
d4823b2d-9ddb-520c-a0ab-7c6be655f9fc,VI-HI-0000000982,Hisense Short Throw Projectors M937,48d4a770-df2e-5149-8faa-14d6af9926b8,7f2a5188-8b52-5653-b44c-33f32a6ed9ff
4779d0f6-73be-5796-88db-119c5c9f3507,VI-LG-0000000905,"LG 50"" Smart TVs 60Hz Dolby Vision D234",9af8caf3-149a-5873-94e4-2cb117e0023e,f830d053-dcc2-59d4-8286-5792143628be
686821a2-f724-5f03-87c1-ab9b9cf71422,VI-LG-0000000906,"LG 50"" Smart TVs 144Hz HDR T337",9af8caf3-149a-5873-94e4-2cb117e0023e,f830d053-dcc2-59d4-8286-5792143628be
8d63e093-1204-5e65-96fa-63908eb1b566,VI-LG-0000000932,LG Home Theater Projectors V391,c6898bf0-968c-5ebb-acca-cef9105cb29e,f830d053-dcc2-59d4-8286-5792143628be
c8c48940-44cb-5ddd-b33a-c0f14a774a5d,VI-LG-0000000950,LG Portable Projectors K573,2eb8069e-a8c2-59d1-ac40-5447bb296e2d,f830d053-dcc2-59d4-8286-5792143628be
352a7a9a-86ac-500f-9306-93ce0abf21db,VI-LO-0000001068,Logitech Security Cameras 61MP O706,4bcb78d8-f937-53bc-a52a-d6c60f440321,852d3300-b6d6-5521-bed0-334f3bdb9ef3
aab8c3f5-7e4e-5660-9600-4a162d6d214e,VI-MI-0000001099,Microsoft Xbox Gaming Consoles with Streaming O189,8ff42280-e7e9-5e29-9595-5629e5450cc6,a3f6f4fb-4090-552b-ad57-1fdc5ce8d789
35b4e007-2e71-51af-88b0-4f4807261d8f,VI-NI-0000000994,Nikon DSLR Cameras Full-Frame 45MP T622,ca585ba4-99ac-5025-8a00-b9e157694f3e,5b5e447f-312d-53fa-ac24-87aa98520cec
091e3744-9697-521a-81f3-325dd7705775,VI-NI-0000000996,Nikon DSLR Cameras APS-C 61MP N819,ca585ba4-99ac-5025-8a00-b9e157694f3e,5b5e447f-312d-53fa-ac24-87aa98520cec
8bc7914a-5424-5894-83b1-98b6c0a4bf61,VI-NI-0000000997,Nikon DSLR Cameras Micro 4/3 24MP N658,ca585ba4-99ac-5025-8a00-b9e157694f3e,5b5e447f-312d-53fa-ac24-87aa98520cec
e7921827-ecb7-5865-b0b7-68d598f166c7,VI-NI-0000001016,Nikon Mirrorless Cameras Full-Frame 36MP B757,86eacde5-0706-5a27-ad60-c719e5e650cf,5b5e447f-312d-53fa-ac24-87aa98520cec
362e3b38-4f69-5a74-a4d0-85d1f413c76e,VI-NI-0000001017,Nikon Mirrorless Cameras Full-Frame 61MP P864,86eacde5-0706-5a27-ad60-c719e5e650cf,5b5e447f-312d-53fa-ac24-87aa98520cec
c9a5f859-23c2-5fe2-9608-978415b0ade0,VI-NV-0000001081,NVIDIA Streaming Sticks B535,aa1552d1-2cf3-55d3-b71f-edffe2c0767f,4bd734cc-1977-5dbb-8090-cc89cd5c4e4a
0be51b63-16ef-5f14-a507-e8056157ef32,VI-OL-0000001024,Olympus Mirrorless Cameras Full-Frame 36MP X390,86eacde5-0706-5a27-ad60-c719e5e650cf,edfb4121-7740-5f84-bdbc-7bfa2ccdef88
c74e376c-adfc-557d-9861-1c2b57c9fddf,VI-OP-0000000972,Optoma Short Throw Projectors C536,48d4a770-df2e-5149-8faa-14d6af9926b8,114f6d82-0552-5196-bfd2-372be43e5638
6e166d0c-e9f1-5999-8dce-24c05b8112b2,VI-PA-0000000871,"Panasonic 50"" OLED TVs 120Hz HDR A630",9020492a-38d9-5cdb-a901-c3078431fd66,7a7750ec-eeef-5844-8e21-447961297b15
1dca3f1c-0790-5f62-95be-66152bde0b47,VI-PA-0000000874,"Panasonic 55"" OLED TVs 60Hz Dolby Vision H362",9020492a-38d9-5cdb-a901-c3078431fd66,7a7750ec-eeef-5844-8e21-447961297b15
58c0b3d0-ece2-5848-af28-187cfddf7150,VI-PA-0000001019,Panasonic Mirrorless Cameras Full-Frame 20MP Q799,86eacde5-0706-5a27-ad60-c719e5e650cf,7a7750ec-eeef-5844-8e21-447961297b15
0124aa98-2e97-5992-9880-98d7a06af424,VI-PA-0000001022,Panasonic Mirrorless Cameras Micro 4/3 36MP G632,86eacde5-0706-5a27-ad60-c719e5e650cf,7a7750ec-eeef-5844-8e21-447961297b15
7fb3c272-0c4f-5c1b-b973-f390b08376da,VI-RI-0000001043,Ricoh Action Cameras 20MP G243,27b0cd10-1a8e-5c8f-b3a2-4102fbe801fa,8433be02-3b96-5d00-b8f6-46a73d2b1015
972e8deb-cc45-52d5-b3f5-00032c510ea8,VI-SA-0000000901,"Samsung 50"" Smart TVs 60Hz HDR10+ R800",9af8caf3-149a-5873-94e4-2cb117e0023e,221ffc9a-9703-50a2-87b4-f97dd06acdd4
ff5a6a92-cadd-5fe9-8fe9-c97725e089f7,VI-SO-0000000891,"Sony 43"" LED TVs 120Hz HDR I274",ecefc75f-88f2-53fe-8e96-beadcd995fb3,9a468472-96ab-5128-8e47-c15dac9e261b
05318bfe-5922-5ef1-822b-14d4f10a0dd4,VI-SO-0000000910,"Sony 75"" Smart TVs 120Hz Dolby Vision O987",9af8caf3-149a-5873-94e4-2cb117e0023e,9a468472-96ab-5128-8e47-c15dac9e261b
bff3cdd2-0a6a-53b4-8ac5-5db36a3416a4,VI-SO-0000001095,Sony PlayStation Gaming Consoles with Streaming K461,8ff42280-e7e9-5e29-9595-5629e5450cc6,539367bc-c6b1-5bac-87c6-2b59a8637a3e
b811bc1a-d6cd-52e2-b930-de6f81436a7d,VI-TC-0000000911,"TCL 75"" Smart TVs 144Hz HDR10+ Y142",9af8caf3-149a-5873-94e4-2cb117e0023e,5c9c1393-7ca6-550f-bf3b-7a1d41458f39
99e4f486-0320-5531-bad0-663a83da529c,VI-TI-0000001093,TiVo Streaming Boxes E442,478cc075-5c34-57df-882a-988711e63908,0d15a324-14de-5199-b03e-bb82dbb57360
d047a7f7-d9e9-51d0-9dcb-58c70e046250,VI-VA-0000000969,VAVA Short Throw Projectors K377,48d4a770-df2e-5149-8faa-14d6af9926b8,50786410-e3ab-5956-9986-1b7508260b8e
90a95a19-650f-5788-84c7-962acaebfe82,VI-VI-0000000868,"Vizio 55"" OLED TVs 144Hz HDR10+ O460",9020492a-38d9-5cdb-a901-c3078431fd66,1efddd04-5e80-5a6d-876f-3da078b43817
7fe55b29-7390-502a-911a-78e04c9c9cd9,VI-VI-0000000937,ViewSonic Home Theater Projectors U641,c6898bf0-968c-5ebb-acca-cef9105cb29e,8872a4d6-7a8c-5844-aa93-386356eba531
51afe5c2-6889-58dd-9b62-3acd22d5413c,VI-VI-0000000938,ViewSonic Home Theater Projectors Z823,c6898bf0-968c-5ebb-acca-cef9105cb29e,8872a4d6-7a8c-5844-aa93-386356eba531
5a2ed54b-f152-5320-a1f3-f28e347c7032,VI-VI-0000000945,ViewSonic Portable Projectors I909,2eb8069e-a8c2-59d1-ac40-5447bb296e2d,8872a4d6-7a8c-5844-aa93-386356eba531
