User Id,User Name,Email,Job Title Id,Platform Role Id
4885130b-2503-4e3a-8c94-4cff13f9861e,Aaliyah Kowalski,aaliyah.kowalski@example.com,32ca69fb-18c7-4af7-96b9-5d72782fa123,5b37c228-6d21-4187-b8a2-3139a9a420a4
4563477f-33fb-472e-90b8-8c95da705ac8,Mateo Boateng,mateo.boateng@example.com,ab074628-2616-43c7-b1c0-65ddb8663f82,fbb76dd1-211d-445e-9e9c-16d8e6c460c9
1b6a666e-3629-4217-9534-3b4ca8aab1bf,Priya Cohen,priya.cohen@example.com,4bc6ede8-15b2-451c-b0a6-1bb3c2c87519,fbb76dd1-211d-445e-9e9c-16d8e6c460c9
a6d9a334-9b71-4edc-8c48-38178be9efa8,Liam Patel,liam.patel@example.com,c106baf2-30b4-4e0e-86f1-cc5a13ef390a,fbb76dd1-211d-445e-9e9c-16d8e6c460c9
bd9c3fd3-aaf0-48fd-bfdb-56cd2d267edc,Fatima Jorgensen,fatima.jorgensen@example.com,46619af7-bee0-435c-80eb-35907d9cf170,fbb76dd1-211d-445e-9e9c-16d8e6c460c9
59a4c106-3b9d-4a9c-b117-18e2074a9df7,Chen Liu,chen.liu@example.com,73c95403-e79d-4977-81ab-61fb0990b476,fbb76dd1-211d-445e-9e9c-16d8e6c460c9
ac950596-2da5-493a-a1e1-5b0ff8c4b092,Sofia Delgado,sofia.delgado@example.com,fefcb0a9-5e35-41a7-baa7-2be57bddf02d,fbb76dd1-211d-445e-9e9c-16d8e6c460c9
43a5625d-5a0a-4e68-b37f-6400604e0fc3,Kwame Bianchi,kwame.bianchi@example.com,f9b6641f-c902-4b47-944b-e2e5f714a16c,fbb76dd1-211d-445e-9e9c-16d8e6c460c9
bd30197c-125c-4419-89e4-d48fbd95fd5f,Yuki Mensah,yuki.mensah@example.com,3813af36-62d5-4ace-ab6e-8ac947a5d950,fbb76dd1-211d-445e-9e9c-16d8e6c460c9
940bbc95-fc77-404b-94f9-ddf749447f34,Diego Vargas,diego.vargas@example.com,16b3fed4-6271-46f6-8204-f7961c952cbd,fbb76dd1-211d-445e-9e9c-16d8e6c460c9
2d20092d-19f7-4818-8a7f-c0e23cb941c3,Amara Lindqvist,amara.lindqvist@example.com,97c68fc9-8476-4fba-8383-fa958bb1f3ea,fbb76dd1-211d-445e-9e9c-16d8e6c460c9
629ba3a0-e1d2-4cb2-bdac-3acd410e0840,Noah Sorensen,noah.sorensen@example.com,d6bc34b5-23b3-4f72-9d16-0919e21b2a64,fbb76dd1-211d-445e-9e9c-16d8e6c460c9
dc7ef9bf-616d-4e07-b832-4e332d0408d7,Ananya Novak,ananya.novak@example.com,d318bf37-a704-4e8c-be2c-71d22e727a18,fbb76dd1-211d-445e-9e9c-16d8e6c460c9
c3f8d359-1306-4549-8df0-23dd0678a2ba,Omar Reddy,omar.reddy@example.com,295aa200-dc36-4b74-b4b7-40b2d3582b44,fbb76dd1-211d-445e-9e9c-16d8e6c460c9
388e6e02-9285-480a-941a-2370e8c7d4c8,Isabella Romano,isabella.romano@example.com,e62a3f06-ef11-46f4-be18-2d4c6bea66d1,fbb76dd1-211d-445e-9e9c-16d8e6c460c9
09fd2943-eb17-45b3-a1a9-0d8e3ef2a314,Jamal Oyelaran,jamal.oyelaran@example.com,03659020-6917-439f-83c1-148d9b8099e7,fbb76dd1-211d-445e-9e9c-16d8e6c460c9
7f7c4fba-6129-4eb6-8430-008e53cbc88b,Mei Andersson,mei.andersson@example.com,92a3a80c-a849-400f-af09-583f77539f44,fbb76dd1-211d-445e-9e9c-16d8e6c460c9
e8198561-d99d-4e07-8484-e4e68f9cafb4,Lucas Diallo,lucas.diallo@example.com,4bd88819-8aff-46ad-8e23-b0bb7e9699b0,fbb76dd1-211d-445e-9e9c-16d8e6c460c9
7f6fbb8f-d178-4899-8904-de75c4801c12,Zara Mbeki,zara.mbeki@example.com,b93e9286-f295-4ec5-8793-86eb6fead1c8,fbb76dd1-211d-445e-9e9c-16d8e6c460c9
f9dea39f-54c2-4e5a-80bd-d1e3f1997917,Hiroshi Haugen,hiroshi.haugen@example.com,fda02fc4-8023-40bc-8ae9-961a4f962d62,fbb76dd1-211d-445e-9e9c-16d8e6c460c9
4e30457c-9428-48c8-8827-05cde93782c2,Camila Osei,camila.osei@example.com,ab3f693b-d022-480a-a3a0-13755d5e21fd,fbb76dd1-211d-445e-9e9c-16d8e6c460c9
c0f76fa9-19f3-40aa-8aaf-8cfaa2853814,Tariq Tanaka,tariq.tanaka@example.com,674671b6-8bb3-46b4-89d8-fd2d3ced8f51,fbb76dd1-211d-445e-9e9c-16d8e6c460c9
7056bebd-210f-4400-9689-4962219315f1,Ingrid Eze,ingrid.eze@example.com,82854fc1-d670-4a59-9616-c99acdd8b951,fbb76dd1-211d-445e-9e9c-16d8e6c460c9
709c30bf-5cf7-4d2c-9eac-1e3f8ac8693c,Santiago Ramirez,santiago.ramirez@example.com,5db77c3e-b5f4-42b6-9e9e-c8cff6105516,5b37c228-6d21-4187-b8a2-3139a9a420a4
7879edb9-752b-46f3-a5b3-63abbc197d1d,Leila Vasquez,leila.vasquez@example.com,5c8eff8b-2bae-4a21-8a27-bc6aa66297df,fbb76dd1-211d-445e-9e9c-16d8e6c460c9
654709cc-961c-4f73-9ffe-1b6e79461b18,Andre Hassan,andre.hassan@example.com,94d9153d-1b13-4e2b-95d5-8311ea3d15ad,fbb76dd1-211d-445e-9e9c-16d8e6c460c9
b32d6f9b-c04c-47d4-a145-081b3c4dc310,Nadia Al-Farsi,nadia.al-farsi@example.com,247b4f90-a788-42db-aa4b-a6971c97276a,fbb76dd1-211d-445e-9e9c-16d8e6c460c9
fa65b4ef-fb6a-47f3-bde4-cdacaea3e4c2,Ravi Chowdhury,ravi.chowdhury@example.com,627296d5-9796-466d-896b-03b066446030,fbb76dd1-211d-445e-9e9c-16d8e6c460c9
5cce5a8f-bebd-4030-8ae2-8e11e29822ab,Elena Dubois,elena.dubois@example.com,b9990e62-40be-462e-b80b-dbf8e367e6be,fbb76dd1-211d-445e-9e9c-16d8e6c460c9
78406e23-8fed-4ce3-9bae-3c5a0d9ee70b,Kofi Haddad,kofi.haddad@example.com,85fa7775-0bed-40d7-b3a9-f2d5e11f4d39,fbb76dd1-211d-445e-9e9c-16d8e6c460c9
04c35660-6a38-40e5-91f7-af00c65586c3,Marisol Ferreira,marisol.ferreira@example.com,b801f3a7-adcd-4582-85d6-bed0b987cdbe,fbb76dd1-211d-445e-9e9c-16d8e6c460c9
8f5a2fbe-d0fe-46ed-9cf0-8aa6018d31cf,Dmitri Petrov,dmitri.petrov@example.com,079fdeb3-1809-4a93-af57-c79279a588db,fbb76dd1-211d-445e-9e9c-16d8e6c460c9
1685172d-37ef-43c3-87eb-69ee90a98118,Aisha Iqbal,aisha.iqbal@example.com,92e4c07a-2828-4756-a08f-ed11f523b7cb,fbb76dd1-211d-445e-9e9c-16d8e6c460c9
6ffe3b8f-c193-4131-b950-99555e482323,Sebastian Yamamoto,sebastian.yamamoto@example.com,b4d362be-acea-442a-a5e1-5c4f49e7eaa2,fbb76dd1-211d-445e-9e9c-16d8e6c460c9
01793b51-a69c-4e11-8414-82d84a7a7222,Thandiwe Garcia,thandiwe.garcia@example.com,2b3d6db6-ac3c-483e-9c32-dd06f62de0de,fbb76dd1-211d-445e-9e9c-16d8e6c460c9
86d75c4c-896e-41cd-ac01-90d4b33d73e9,Hassan Sharma,hassan.sharma@example.com,9aef9125-80c7-46b9-b89c-caba1839cdf4,fbb76dd1-211d-445e-9e9c-16d8e6c460c9
0bbf71a2-c2d5-4f5d-b8c5-ffbaea80987d,Freya Adeyemi,freya.adeyemi@example.com,a7a27cb4-954c-4a66-9bc4-e791a340cd5c,fbb76dd1-211d-445e-9e9c-16d8e6c460c9
e1cf05bc-a800-4100-bb63-0fec456d2d6c,Rafael Okafor,rafael.okafor@example.com,1dce92dd-f39e-4803-a093-80ac3b834af4,fbb76dd1-211d-445e-9e9c-16d8e6c460c9
3058dad6-4563-4b83-8f41-6d1756a6d4e3,Ling Silva,ling.silva@example.com,fe9197ff-a58b-4123-848e-4d0707fdd322,fbb76dd1-211d-445e-9e9c-16d8e6c460c9
e58c4aa7-adfc-47f5-8f7f-ffcce5b3a8c8,Mateus Fernandes,mateus.fernandes@example.com,c7288f27-5e2d-4127-bd5c-4f5d689818d6,fbb76dd1-211d-445e-9e9c-16d8e6c460c9
7883543d-7acf-45e7-b461-a94a36e44d2b,Esperanza Mwangi,esperanza.mwangi@example.com,8c9d050b-7093-4e26-944e-20c0adc8f22d,fbb76dd1-211d-445e-9e9c-16d8e6c460c9
dad362a5-d2ed-404f-9f2f-f3344968145b,Bjorn Kaur,bjorn.kaur@example.com,ffeacc1a-d6b1-4c18-9e27-4ad0d78d0529,fbb76dd1-211d-445e-9e9c-16d8e6c460c9
790cc0da-a3c2-448c-a876-a0d895904fd5,Saanvi Zhang,saanvi.zhang@example.com,7f5112d2-ea89-40fd-8906-1e292d58acd7,fbb76dd1-211d-445e-9e9c-16d8e6c460c9
1c3934e4-cb7c-437f-a3c4-8c5f6c38cca7,Idris Kovac,idris.kovac@example.com,dabb5a8c-efbb-4070-a75f-b8870ee8861a,fbb76dd1-211d-445e-9e9c-16d8e6c460c9
8934b1d8-4136-4f82-bb03-78e725e259e2,Carmen Santos,carmen.santos@example.com,79cf8452-fece-4aac-844f-a9f241620cc0,fbb76dd1-211d-445e-9e9c-16d8e6c460c9
8f70f646-ae9d-4757-9c0e-06a923868a28,Wei Costa,wei.costa@example.com,098ca275-9396-4f6b-bdb1-426a1f058a5b,fbb76dd1-211d-445e-9e9c-16d8e6c460c9
1415eb2e-5b01-41bd-bc8d-6d6d41403929,Anika Castillo,anika.castillo@example.com,9c1d11c3-daaf-4297-a342-6f7499a430f3,5b37c228-6d21-4187-b8a2-3139a9a420a4
448d1245-743d-4f8d-942d-a7083f4da31b,Joaquin Okonkwo,joaquin.okonkwo@example.com,58c88a08-1afe-456e-802e-ee824151bac7,fbb76dd1-211d-445e-9e9c-16d8e6c460c9
302684f2-c6b3-4608-bc83-e888508aae5e,Naomi Lindgren,naomi.lindgren@example.com,e4b7cbd1-c915-4592-abfa-3952bf689595,fbb76dd1-211d-445e-9e9c-16d8e6c460c9
12ca9bd7-7e4c-4bba-a5a5-f7941a9df660,Tobias Suzuki,tobias.suzuki@example.com,799eaba1-80f2-4a16-8881-5050c30408a2,fbb76dd1-211d-445e-9e9c-16d8e6c460c9
5b29fa49-cecd-4d37-aebf-d55760207302,Layla Nguyen,layla.nguyen@example.com,32ca69fb-18c7-4af7-96b9-5d72782fa123,fbb76dd1-211d-445e-9e9c-16d8e6c460c9
d42a13c1-5ea3-4e23-a6a7-234feb910cd3,Emeka Wang,emeka.wang@example.com,ab074628-2616-43c7-b1c0-65ddb8663f82,fbb76dd1-211d-445e-9e9c-16d8e6c460c9
5592377c-8c19-42a7-b3c1-5d8f5789a47d,Valentina Johnson,valentina.johnson@example.com,4bc6ede8-15b2-451c-b0a6-1bb3c2c87519,fbb76dd1-211d-445e-9e9c-16d8e6c460c9
71a64ff5-70d4-4b75-ae79-360e01729d98,Hana Park,hana.park@example.com,c106baf2-30b4-4e0e-86f1-cc5a13ef390a,fbb76dd1-211d-445e-9e9c-16d8e6c460c9
ea569f71-4df5-41c7-a303-2e35292f1627,Marcus Moreau,marcus.moreau@example.com,46619af7-bee0-435c-80eb-35907d9cf170,fbb76dd1-211d-445e-9e9c-16d8e6c460c9
ae4b47c6-808c-452b-b8e6-b76c5fb6c358,Rania Rossi,rania.rossi@example.com,73c95403-e79d-4977-81ab-61fb0990b476,fbb76dd1-211d-445e-9e9c-16d8e6c460c9
847c0ae1-e285-4c47-8843-eeec65a47de9,Pedro Nakamura,pedro.nakamura@example.com,fefcb0a9-5e35-41a7-baa7-2be57bddf02d,fbb76dd1-211d-445e-9e9c-16d8e6c460c9
f4c81a5a-1908-4766-b4b7-86b1ada37454,Indira Khan,indira.khan@example.com,f9b6641f-c902-4b47-944b-e2e5f714a16c,fbb76dd1-211d-445e-9e9c-16d8e6c460c9
4012952a-735d-401b-8d19-1cf9b801f814,Soren Ahmadi,soren.ahmadi@example.com,3813af36-62d5-4ace-ab6e-8ac947a5d950,fbb76dd1-211d-445e-9e9c-16d8e6c460c9
d8f26e0e-3e47-4ad8-935e-1fed3cbe1e3a,Gabriela Abebe,gabriela.abebe@example.com,16b3fed4-6271-46f6-8204-f7961c952cbd,fbb76dd1-211d-445e-9e9c-16d8e6c460c9
7a4ba70e-b04e-4737-b9ab-1940f8cfe177,Aaliyah Reddy,aaliyah.reddy@example.com,97c68fc9-8476-4fba-8383-fa958bb1f3ea,fbb76dd1-211d-445e-9e9c-16d8e6c460c9
f9598f33-2770-4e2a-a97d-5f5570303f58,Mateo Romano,mateo.romano@example.com,d6bc34b5-23b3-4f72-9d16-0919e21b2a64,fbb76dd1-211d-445e-9e9c-16d8e6c460c9
7a3d40cd-cc7c-4d1e-bce0-f125242d1643,Priya Oyelaran,priya.oyelaran@example.com,d318bf37-a704-4e8c-be2c-71d22e727a18,fbb76dd1-211d-445e-9e9c-16d8e6c460c9
2e145278-c05b-4c3f-8b40-0d9ff0d177d4,Liam Andersson,liam.andersson@example.com,295aa200-dc36-4b74-b4b7-40b2d3582b44,fbb76dd1-211d-445e-9e9c-16d8e6c460c9
9a786030-31b7-44f6-93a7-0632651d9975,Fatima Diallo,fatima.diallo@example.com,e62a3f06-ef11-46f4-be18-2d4c6bea66d1,fbb76dd1-211d-445e-9e9c-16d8e6c460c9
3b70cb52-fe22-4123-bc4a-b3a8d51c5624,Chen Mbeki,chen.mbeki@example.com,03659020-6917-439f-83c1-148d9b8099e7,fbb76dd1-211d-445e-9e9c-16d8e6c460c9
30d5cdc1-bd4a-43f2-a3c3-73205907e06d,Sofia Haugen,sofia.haugen@example.com,92a3a80c-a849-400f-af09-583f77539f44,fbb76dd1-211d-445e-9e9c-16d8e6c460c9
2f39a26e-9e83-4eb3-a906-e10a0a804c98,Kwame Osei,kwame.osei@example.com,4bd88819-8aff-46ad-8e23-b0bb7e9699b0,fbb76dd1-211d-445e-9e9c-16d8e6c460c9
f890ed47-22d7-4379-bafa-698951ef64eb,Yuki Tanaka,yuki.tanaka@example.com,b93e9286-f295-4ec5-8793-86eb6fead1c8,fbb76dd1-211d-445e-9e9c-16d8e6c460c9
1357fa11-68d3-45b9-93b4-ef870bb58aca,Diego Eze,diego.eze@example.com,fda02fc4-8023-40bc-8ae9-961a4f962d62,5b37c228-6d21-4187-b8a2-3139a9a420a4
f2d829f5-a99f-4f0e-af98-31dbe21ffa92,Amara Ramirez,amara.ramirez@example.com,ab3f693b-d022-480a-a3a0-13755d5e21fd,fbb76dd1-211d-445e-9e9c-16d8e6c460c9
5bcc89cb-29e1-4d47-9137-8c560e91a9c0,Noah Vasquez,noah.vasquez@example.com,674671b6-8bb3-46b4-89d8-fd2d3ced8f51,fbb76dd1-211d-445e-9e9c-16d8e6c460c9
9b84d2d5-c79e-4a12-bb03-394e76fb386c,Ananya Hassan,ananya.hassan@example.com,82854fc1-d670-4a59-9616-c99acdd8b951,fbb76dd1-211d-445e-9e9c-16d8e6c460c9
c291b923-177f-4ea1-ae73-0f1b12e5c44f,Omar Al-Farsi,omar.al-farsi@example.com,5db77c3e-b5f4-42b6-9e9e-c8cff6105516,fbb76dd1-211d-445e-9e9c-16d8e6c460c9
ba081171-96d7-42b8-a139-26c93bcf6a5b,Isabella Chowdhury,isabella.chowdhury@example.com,5c8eff8b-2bae-4a21-8a27-bc6aa66297df,fbb76dd1-211d-445e-9e9c-16d8e6c460c9
bd65d9e8-b652-476e-b629-6e3986ceb653,Jamal Dubois,jamal.dubois@example.com,94d9153d-1b13-4e2b-95d5-8311ea3d15ad,fbb76dd1-211d-445e-9e9c-16d8e6c460c9
65017924-8662-43e4-8dbd-79bbe47ceef4,Mei Haddad,mei.haddad@example.com,247b4f90-a788-42db-aa4b-a6971c97276a,fbb76dd1-211d-445e-9e9c-16d8e6c460c9
c27cf87e-2e4a-4fa8-98ed-46e8538b663a,Lucas Ferreira,lucas.ferreira@example.com,627296d5-9796-466d-896b-03b066446030,fbb76dd1-211d-445e-9e9c-16d8e6c460c9
a95cbf1e-dd67-4788-a453-b27c558367f1,Zara Petrov,zara.petrov@example.com,b9990e62-40be-462e-b80b-dbf8e367e6be,fbb76dd1-211d-445e-9e9c-16d8e6c460c9
fce59945-3780-479d-89bc-dccf266b6064,Hiroshi Iqbal,hiroshi.iqbal@example.com,85fa7775-0bed-40d7-b3a9-f2d5e11f4d39,fbb76dd1-211d-445e-9e9c-16d8e6c460c9
54b60b7d-4af4-4027-b7d9-1b0a53fb7d50,Camila Yamamoto,camila.yamamoto@example.com,b801f3a7-adcd-4582-85d6-bed0b987cdbe,fbb76dd1-211d-445e-9e9c-16d8e6c460c9
365d05df-5411-49aa-b6c7-6021bc5c9739,Tariq Garcia,tariq.garcia@example.com,079fdeb3-1809-4a93-af57-c79279a588db,fbb76dd1-211d-445e-9e9c-16d8e6c460c9
d23363c3-4c26-4012-93ee-663eedb63438,Ingrid Sharma,ingrid.sharma@example.com,92e4c07a-2828-4756-a08f-ed11f523b7cb,fbb76dd1-211d-445e-9e9c-16d8e6c460c9
f1a5b11b-2076-45a2-a04c-0d7beae054c9,Santiago Adeyemi,santiago.adeyemi@example.com,b4d362be-acea-442a-a5e1-5c4f49e7eaa2,fbb76dd1-211d-445e-9e9c-16d8e6c460c9
26b43761-ac51-41da-a6b5-a10e65a59211,Leila Okafor,leila.okafor@example.com,2b3d6db6-ac3c-483e-9c32-dd06f62de0de,fbb76dd1-211d-445e-9e9c-16d8e6c460c9
1cce3a07-a55c-43d4-a760-f744bc574e68,Andre Silva,andre.silva@example.com,9aef9125-80c7-46b9-b89c-caba1839cdf4,fbb76dd1-211d-445e-9e9c-16d8e6c460c9
4082e795-7672-4dff-8ec3-b11f1bbb6512,Nadia Fernandes,nadia.fernandes@example.com,a7a27cb4-954c-4a66-9bc4-e791a340cd5c,fbb76dd1-211d-445e-9e9c-16d8e6c460c9
97656269-6d9a-4b5d-9ca3-299359beab9e,Ravi Mwangi,ravi.mwangi@example.com,1dce92dd-f39e-4803-a093-80ac3b834af4,fbb76dd1-211d-445e-9e9c-16d8e6c460c9
51979e04-2f0d-405d-a6dc-ac551f75302e,Elena Kaur,elena.kaur@example.com,fe9197ff-a58b-4123-848e-4d0707fdd322,fbb76dd1-211d-445e-9e9c-16d8e6c460c9
816e490b-b860-4f3e-be09-ae745cc5f99e,Kofi Zhang,kofi.zhang@example.com,c7288f27-5e2d-4127-bd5c-4f5d689818d6,fbb76dd1-211d-445e-9e9c-16d8e6c460c9
6eba39fd-2fce-4ea6-935f-52406f45dd00,Marisol Kovac,marisol.kovac@example.com,8c9d050b-7093-4e26-944e-20c0adc8f22d,fbb76dd1-211d-445e-9e9c-16d8e6c460c9
87e4c4d5-2e33-463c-8629-d73b584d9dae,Dmitri Santos,dmitri.santos@example.com,ffeacc1a-d6b1-4c18-9e27-4ad0d78d0529,fbb76dd1-211d-445e-9e9c-16d8e6c460c9
c93330be-27ce-4ccc-ba5d-f10b36ef2a2a,Aisha Costa,aisha.costa@example.com,7f5112d2-ea89-40fd-8906-1e292d58acd7,5b37c228-6d21-4187-b8a2-3139a9a420a4
cc83cbba-5a52-451c-a53e-5c266c83e0fb,Sebastian Castillo,sebastian.castillo@example.com,dabb5a8c-efbb-4070-a75f-b8870ee8861a,fbb76dd1-211d-445e-9e9c-16d8e6c460c9
1039fa34-e68a-47dd-a963-3db62b3acea7,Thandiwe Okonkwo,thandiwe.okonkwo@example.com,79cf8452-fece-4aac-844f-a9f241620cc0,fbb76dd1-211d-445e-9e9c-16d8e6c460c9
187a4871-af79-4e9d-bb51-cbf6dcbc8c41,Hassan Lindgren,hassan.lindgren@example.com,098ca275-9396-4f6b-bdb1-426a1f058a5b,fbb76dd1-211d-445e-9e9c-16d8e6c460c9
d18434c8-035d-4a1a-aea1-eeb43d321721,Freya Suzuki,freya.suzuki@example.com,9c1d11c3-daaf-4297-a342-6f7499a430f3,fbb76dd1-211d-445e-9e9c-16d8e6c460c9
e0b3aa3d-a23d-4882-b7eb-0829e4aeaaf0,Rafael Nguyen,rafael.nguyen@example.com,58c88a08-1afe-456e-802e-ee824151bac7,fbb76dd1-211d-445e-9e9c-16d8e6c460c9
70c41ffe-92c3-46e4-8b66-b39c553f7ee9,Ling Wang,ling.wang@example.com,e4b7cbd1-c915-4592-abfa-3952bf689595,fbb76dd1-211d-445e-9e9c-16d8e6c460c9
6678d924-746c-49f7-8cd2-d2c4d92fc7ab,Mateus Johnson,mateus.johnson@example.com,799eaba1-80f2-4a16-8881-5050c30408a2,fbb76dd1-211d-445e-9e9c-16d8e6c460c9
0d18e95a-1755-475b-bffe-12c843a20e11,Esperanza Park,esperanza.park@example.com,32ca69fb-18c7-4af7-96b9-5d72782fa123,fbb76dd1-211d-445e-9e9c-16d8e6c460c9
b2f64a07-ec8c-4501-816a-587cab5047a2,Bjorn Moreau,bjorn.moreau@example.com,ab074628-2616-43c7-b1c0-65ddb8663f82,fbb76dd1-211d-445e-9e9c-16d8e6c460c9
5d8cd738-6a65-4903-a063-b766a7545529,Saanvi Rossi,saanvi.rossi@example.com,4bc6ede8-15b2-451c-b0a6-1bb3c2c87519,fbb76dd1-211d-445e-9e9c-16d8e6c460c9
f9db6075-e425-46de-9d9b-da4f1601017d,Idris Nakamura,idris.nakamura@example.com,c106baf2-30b4-4e0e-86f1-cc5a13ef390a,fbb76dd1-211d-445e-9e9c-16d8e6c460c9
de102cca-5f1a-4398-a5db-f61a832f4700,Carmen Khan,carmen.khan@example.com,46619af7-bee0-435c-80eb-35907d9cf170,fbb76dd1-211d-445e-9e9c-16d8e6c460c9
531e54ac-22cc-4d3f-95d4-250d5b2868bf,Wei Ahmadi,wei.ahmadi@example.com,73c95403-e79d-4977-81ab-61fb0990b476,fbb76dd1-211d-445e-9e9c-16d8e6c460c9
09a7016b-52a7-43b2-b30d-4f303b566bc1,Anika Abebe,anika.abebe@example.com,fefcb0a9-5e35-41a7-baa7-2be57bddf02d,fbb76dd1-211d-445e-9e9c-16d8e6c460c9
96ab811c-c5f2-4220-adea-5edeb028cc9a,Joaquin Kowalski,joaquin.kowalski@example.com,f9b6641f-c902-4b47-944b-e2e5f714a16c,fbb76dd1-211d-445e-9e9c-16d8e6c460c9
17537abd-fc40-4bac-9d49-22369972aaab,Naomi Boateng,naomi.boateng@example.com,3813af36-62d5-4ace-ab6e-8ac947a5d950,fbb76dd1-211d-445e-9e9c-16d8e6c460c9
25150c2a-f8cb-4d48-aa8b-c165ae09eac5,Tobias Cohen,tobias.cohen@example.com,16b3fed4-6271-46f6-8204-f7961c952cbd,fbb76dd1-211d-445e-9e9c-16d8e6c460c9
bdcb4f86-be36-4ed3-b2db-6d5baa3d2338,Layla Patel,layla.patel@example.com,97c68fc9-8476-4fba-8383-fa958bb1f3ea,fbb76dd1-211d-445e-9e9c-16d8e6c460c9
9e13d460-114e-4706-a257-42c2ff57f779,Emeka Jorgensen,emeka.jorgensen@example.com,d6bc34b5-23b3-4f72-9d16-0919e21b2a64,fbb76dd1-211d-445e-9e9c-16d8e6c460c9
4e391475-86f0-44ea-acc1-75a7faf0e78b,Valentina Liu,valentina.liu@example.com,d318bf37-a704-4e8c-be2c-71d22e727a18,fbb76dd1-211d-445e-9e9c-16d8e6c460c9
830e75ad-716b-41e6-a532-1e9da7911e39,Hana Delgado,hana.delgado@example.com,295aa200-dc36-4b74-b4b7-40b2d3582b44,fbb76dd1-211d-445e-9e9c-16d8e6c460c9
754da3ee-f505-447d-9c2d-b7748560094b,Marcus Bianchi,marcus.bianchi@example.com,e62a3f06-ef11-46f4-be18-2d4c6bea66d1,fbb76dd1-211d-445e-9e9c-16d8e6c460c9
02e4d7c0-871a-49dd-87c0-c14c93ec97fc,Rania Mensah,rania.mensah@example.com,03659020-6917-439f-83c1-148d9b8099e7,5b37c228-6d21-4187-b8a2-3139a9a420a4
5f82379d-c466-422e-9e65-d73f3d13dbb4,Pedro Vargas,pedro.vargas@example.com,92a3a80c-a849-400f-af09-583f77539f44,fbb76dd1-211d-445e-9e9c-16d8e6c460c9
afe8a298-80c2-46f2-ba92-0d4e53f1b0e0,Indira Lindqvist,indira.lindqvist@example.com,4bd88819-8aff-46ad-8e23-b0bb7e9699b0,fbb76dd1-211d-445e-9e9c-16d8e6c460c9
3a169393-eb04-40af-a5e9-3c6a604ef7e8,Soren Sorensen,soren.sorensen@example.com,b93e9286-f295-4ec5-8793-86eb6fead1c8,fbb76dd1-211d-445e-9e9c-16d8e6c460c9
186e15ea-503e-4c04-ae0f-181c869a576c,Gabriela Novak,gabriela.novak@example.com,fda02fc4-8023-40bc-8ae9-961a4f962d62,fbb76dd1-211d-445e-9e9c-16d8e6c460c9
4cc440e9-468c-45f5-982d-5a370f8cde82,Aaliyah Al-Farsi,aaliyah.al-farsi@example.com,ab3f693b-d022-480a-a3a0-13755d5e21fd,fbb76dd1-211d-445e-9e9c-16d8e6c460c9
cb4bc75e-22fe-43a4-a73b-ad15e82ff177,Mateo Chowdhury,mateo.chowdhury@example.com,674671b6-8bb3-46b4-89d8-fd2d3ced8f51,fbb76dd1-211d-445e-9e9c-16d8e6c460c9
8274544e-fc05-4075-ae47-6b883c2f7454,Priya Dubois,priya.dubois@example.com,82854fc1-d670-4a59-9616-c99acdd8b951,fbb76dd1-211d-445e-9e9c-16d8e6c460c9
e5116f6d-fb3f-47d0-acf2-8a1e0901e20f,Liam Haddad,liam.haddad@example.com,5db77c3e-b5f4-42b6-9e9e-c8cff6105516,fbb76dd1-211d-445e-9e9c-16d8e6c460c9
64fe956f-eee3-4464-835b-b719bb2e09aa,Fatima Ferreira,fatima.ferreira@example.com,5c8eff8b-2bae-4a21-8a27-bc6aa66297df,fbb76dd1-211d-445e-9e9c-16d8e6c460c9
ffe1d1c8-a6f1-414c-8bc5-244d923d1e1e,Chen Petrov,chen.petrov@example.com,94d9153d-1b13-4e2b-95d5-8311ea3d15ad,fbb76dd1-211d-445e-9e9c-16d8e6c460c9
a63e130e-a699-4eff-b388-ee7601761df8,Sofia Iqbal,sofia.iqbal@example.com,247b4f90-a788-42db-aa4b-a6971c97276a,fbb76dd1-211d-445e-9e9c-16d8e6c460c9
70ff6865-75cb-4ea6-aa53-04406d0e6c0a,Kwame Yamamoto,kwame.yamamoto@example.com,627296d5-9796-466d-896b-03b066446030,fbb76dd1-211d-445e-9e9c-16d8e6c460c9
1b1b1010-5c0d-4d19-9cb2-5d0b00babe45,Yuki Garcia,yuki.garcia@example.com,b9990e62-40be-462e-b80b-dbf8e367e6be,fbb76dd1-211d-445e-9e9c-16d8e6c460c9
8f0db880-652f-4c70-a810-c3aeb18bf7f8,Diego Sharma,diego.sharma@example.com,85fa7775-0bed-40d7-b3a9-f2d5e11f4d39,fbb76dd1-211d-445e-9e9c-16d8e6c460c9
8ae1fc66-31e6-4b04-891a-2f552cd04340,Amara Adeyemi,amara.adeyemi@example.com,b801f3a7-adcd-4582-85d6-bed0b987cdbe,fbb76dd1-211d-445e-9e9c-16d8e6c460c9
325fda78-008b-48f4-9601-dd5c583316b7,Noah Okafor,noah.okafor@example.com,079fdeb3-1809-4a93-af57-c79279a588db,fbb76dd1-211d-445e-9e9c-16d8e6c460c9
e9b01e70-17f4-4dc9-9044-f4e37ec317cd,Ananya Silva,ananya.silva@example.com,92e4c07a-2828-4756-a08f-ed11f523b7cb,fbb76dd1-211d-445e-9e9c-16d8e6c460c9
39ab6548-5972-44d5-bb51-bddcf8d733de,Omar Fernandes,omar.fernandes@example.com,b4d362be-acea-442a-a5e1-5c4f49e7eaa2,fbb76dd1-211d-445e-9e9c-16d8e6c460c9
98fbe769-74de-4473-8796-cdd2d571375e,Isabella Mwangi,isabella.mwangi@example.com,2b3d6db6-ac3c-483e-9c32-dd06f62de0de,fbb76dd1-211d-445e-9e9c-16d8e6c460c9
402862e6-2933-4b61-a174-f1d51aa6a2fd,Jamal Kaur,jamal.kaur@example.com,9aef9125-80c7-46b9-b89c-caba1839cdf4,fbb76dd1-211d-445e-9e9c-16d8e6c460c9
d31fe716-fbe3-490a-ac36-81d744acaac4,Mei Zhang,mei.zhang@example.com,a7a27cb4-954c-4a66-9bc4-e791a340cd5c,fbb76dd1-211d-445e-9e9c-16d8e6c460c9
8067a437-8d1b-42bb-a580-e5a49098a3a0,Lucas Kovac,lucas.kovac@example.com,1dce92dd-f39e-4803-a093-80ac3b834af4,fbb76dd1-211d-445e-9e9c-16d8e6c460c9
a00e540b-77cb-457c-8888-2ab6c8e8511f,Zara Santos,zara.santos@example.com,fe9197ff-a58b-4123-848e-4d0707fdd322,5b37c228-6d21-4187-b8a2-3139a9a420a4
37e218b4-d548-40c4-b1ba-f6445934c1de,Hiroshi Costa,hiroshi.costa@example.com,c7288f27-5e2d-4127-bd5c-4f5d689818d6,fbb76dd1-211d-445e-9e9c-16d8e6c460c9
2e9da835-0811-48aa-bbf2-1ce57a15cc38,Camila Castillo,camila.castillo@example.com,8c9d050b-7093-4e26-944e-20c0adc8f22d,fbb76dd1-211d-445e-9e9c-16d8e6c460c9
422e3cdf-0207-4533-9821-a614fd8ae022,Tariq Okonkwo,tariq.okonkwo@example.com,ffeacc1a-d6b1-4c18-9e27-4ad0d78d0529,fbb76dd1-211d-445e-9e9c-16d8e6c460c9
87fe48e4-6265-428f-bb67-c88f454e0e09,Ingrid Lindgren,ingrid.lindgren@example.com,7f5112d2-ea89-40fd-8906-1e292d58acd7,fbb76dd1-211d-445e-9e9c-16d8e6c460c9
68e61103-c2cf-4ad0-b5b1-91c8bf03d0b5,Santiago Suzuki,santiago.suzuki@example.com,dabb5a8c-efbb-4070-a75f-b8870ee8861a,fbb76dd1-211d-445e-9e9c-16d8e6c460c9
5389c9d7-dde1-4be7-aa98-5585149500cf,Leila Nguyen,leila.nguyen@example.com,79cf8452-fece-4aac-844f-a9f241620cc0,fbb76dd1-211d-445e-9e9c-16d8e6c460c9
0a02635b-3b58-44f8-8586-8d6426b0f395,Andre Wang,andre.wang@example.com,098ca275-9396-4f6b-bdb1-426a1f058a5b,fbb76dd1-211d-445e-9e9c-16d8e6c460c9
024b9bf8-a999-48c7-9409-cef5ee47cef4,Nadia Johnson,nadia.johnson@example.com,9c1d11c3-daaf-4297-a342-6f7499a430f3,fbb76dd1-211d-445e-9e9c-16d8e6c460c9
9f00b2ce-9ec8-42da-9449-372ef6b15241,Ravi Park,ravi.park@example.com,58c88a08-1afe-456e-802e-ee824151bac7,fbb76dd1-211d-445e-9e9c-16d8e6c460c9
adeffc6b-b161-4661-a7e3-8e19fe0598d8,Elena Moreau,elena.moreau@example.com,e4b7cbd1-c915-4592-abfa-3952bf689595,fbb76dd1-211d-445e-9e9c-16d8e6c460c9
22693e63-6a2e-4c24-bd54-00f8d3f8034d,Kofi Rossi,kofi.rossi@example.com,799eaba1-80f2-4a16-8881-5050c30408a2,fbb76dd1-211d-445e-9e9c-16d8e6c460c9
f65ccbd6-0e56-468a-b01a-9c2bd3ad70db,Marisol Nakamura,marisol.nakamura@example.com,32ca69fb-18c7-4af7-96b9-5d72782fa123,fbb76dd1-211d-445e-9e9c-16d8e6c460c9
683561b3-d75f-48a1-9fd0-bd9ff689ffdc,Dmitri Khan,dmitri.khan@example.com,ab074628-2616-43c7-b1c0-65ddb8663f82,fbb76dd1-211d-445e-9e9c-16d8e6c460c9
49dfdfff-a0a4-468e-a6fd-9d4a646788bf,Aisha Ahmadi,aisha.ahmadi@example.com,4bc6ede8-15b2-451c-b0a6-1bb3c2c87519,fbb76dd1-211d-445e-9e9c-16d8e6c460c9
fc3d29b0-b7c5-45c9-b1e6-c7def90350b5,Sebastian Abebe,sebastian.abebe@example.com,c106baf2-30b4-4e0e-86f1-cc5a13ef390a,fbb76dd1-211d-445e-9e9c-16d8e6c460c9
f72f4836-46a2-4ede-8582-d96f767a9f87,Thandiwe Kowalski,thandiwe.kowalski@example.com,46619af7-bee0-435c-80eb-35907d9cf170,fbb76dd1-211d-445e-9e9c-16d8e6c460c9
09e820b3-95b0-44f2-a5ec-9b910c2dbef5,Hassan Boateng,hassan.boateng@example.com,73c95403-e79d-4977-81ab-61fb0990b476,fbb76dd1-211d-445e-9e9c-16d8e6c460c9
6714c854-0e42-4ebb-96aa-ecea81abb280,Freya Cohen,freya.cohen@example.com,fefcb0a9-5e35-41a7-baa7-2be57bddf02d,fbb76dd1-211d-445e-9e9c-16d8e6c460c9
cb891693-66c8-4d7e-b2fc-60d5e92d639a,Rafael Patel,rafael.patel@example.com,f9b6641f-c902-4b47-944b-e2e5f714a16c,fbb76dd1-211d-445e-9e9c-16d8e6c460c9
64ffff1e-5c2f-416e-8080-50c8f5b960d9,Ling Jorgensen,ling.jorgensen@example.com,3813af36-62d5-4ace-ab6e-8ac947a5d950,fbb76dd1-211d-445e-9e9c-16d8e6c460c9
69f58472-acde-4a6e-b3b7-1ea333521e38,Mateus Liu,mateus.liu@example.com,16b3fed4-6271-46f6-8204-f7961c952cbd,fbb76dd1-211d-445e-9e9c-16d8e6c460c9
b877d2f5-e7fe-4c3b-bd40-de60a61f5d71,Esperanza Delgado,esperanza.delgado@example.com,97c68fc9-8476-4fba-8383-fa958bb1f3ea,fbb76dd1-211d-445e-9e9c-16d8e6c460c9
3618deb8-64be-44f7-898b-f4b31f947c89,Bjorn Bianchi,bjorn.bianchi@example.com,d6bc34b5-23b3-4f72-9d16-0919e21b2a64,5b37c228-6d21-4187-b8a2-3139a9a420a4
b050147e-f157-42dd-985e-cfb5d78dd551,Saanvi Mensah,saanvi.mensah@example.com,d318bf37-a704-4e8c-be2c-71d22e727a18,fbb76dd1-211d-445e-9e9c-16d8e6c460c9
7ffad407-1ac1-4fa5-8d41-cc6c947554a4,Idris Vargas,idris.vargas@example.com,295aa200-dc36-4b74-b4b7-40b2d3582b44,fbb76dd1-211d-445e-9e9c-16d8e6c460c9
56823b66-7551-41de-8d3d-4f1ac9eb5755,Carmen Lindqvist,carmen.lindqvist@example.com,e62a3f06-ef11-46f4-be18-2d4c6bea66d1,fbb76dd1-211d-445e-9e9c-16d8e6c460c9
91b30c39-7bda-4dc4-8b02-fafcc1e9c394,Wei Sorensen,wei.sorensen@example.com,03659020-6917-439f-83c1-148d9b8099e7,fbb76dd1-211d-445e-9e9c-16d8e6c460c9
819e033c-692a-419d-b438-96968ec02002,Anika Novak,anika.novak@example.com,92a3a80c-a849-400f-af09-583f77539f44,fbb76dd1-211d-445e-9e9c-16d8e6c460c9
726b8932-2e70-446a-92ee-3b7f1ffbc463,Joaquin Reddy,joaquin.reddy@example.com,4bd88819-8aff-46ad-8e23-b0bb7e9699b0,fbb76dd1-211d-445e-9e9c-16d8e6c460c9
03444967-4933-4e15-9bae-e6fdb34d16d8,Naomi Romano,naomi.romano@example.com,b93e9286-f295-4ec5-8793-86eb6fead1c8,fbb76dd1-211d-445e-9e9c-16d8e6c460c9
bd184117-ebb1-46b3-a659-42c9027ec716,Tobias Oyelaran,tobias.oyelaran@example.com,fda02fc4-8023-40bc-8ae9-961a4f962d62,fbb76dd1-211d-445e-9e9c-16d8e6c460c9
5a13eb13-e118-4ca5-b04d-4560ecd12ab2,Layla Andersson,layla.andersson@example.com,ab3f693b-d022-480a-a3a0-13755d5e21fd,fbb76dd1-211d-445e-9e9c-16d8e6c460c9
4f143d67-7ec7-4019-bc66-a13ff1a62211,Emeka Diallo,emeka.diallo@example.com,674671b6-8bb3-46b4-89d8-fd2d3ced8f51,fbb76dd1-211d-445e-9e9c-16d8e6c460c9
3fe0b66b-35e6-4ff7-917c-81625afc1b61,Valentina Mbeki,valentina.mbeki@example.com,82854fc1-d670-4a59-9616-c99acdd8b951,fbb76dd1-211d-445e-9e9c-16d8e6c460c9
0992dc41-f3bd-4db7-96e8-7998dab32ae3,Hana Haugen,hana.haugen@example.com,5db77c3e-b5f4-42b6-9e9e-c8cff6105516,fbb76dd1-211d-445e-9e9c-16d8e6c460c9
e290f795-5905-41f9-88bb-1388f0991ca1,Marcus Osei,marcus.osei@example.com,5c8eff8b-2bae-4a21-8a27-bc6aa66297df,fbb76dd1-211d-445e-9e9c-16d8e6c460c9
80153efb-4ed3-48ab-8d17-eb7ab198e003,Rania Tanaka,rania.tanaka@example.com,94d9153d-1b13-4e2b-95d5-8311ea3d15ad,fbb76dd1-211d-445e-9e9c-16d8e6c460c9
8beb97b7-0305-4383-ac03-0e5dbf5972bc,Pedro Eze,pedro.eze@example.com,247b4f90-a788-42db-aa4b-a6971c97276a,fbb76dd1-211d-445e-9e9c-16d8e6c460c9
7cac864b-a6f5-4d1f-806e-75abd0ef3bd1,Indira Ramirez,indira.ramirez@example.com,627296d5-9796-466d-896b-03b066446030,fbb76dd1-211d-445e-9e9c-16d8e6c460c9
a14c3133-cc37-4160-90b9-5ef3816f23a8,Soren Vasquez,soren.vasquez@example.com,b9990e62-40be-462e-b80b-dbf8e367e6be,fbb76dd1-211d-445e-9e9c-16d8e6c460c9
a7064aea-e66e-49a7-8ec5-a9a6c0474960,Gabriela Hassan,gabriela.hassan@example.com,85fa7775-0bed-40d7-b3a9-f2d5e11f4d39,fbb76dd1-211d-445e-9e9c-16d8e6c460c9
41afe9e5-0924-41c2-ba32-4da7ff79ff14,Aaliyah Fernandes,aaliyah.fernandes@example.com,b801f3a7-adcd-4582-85d6-bed0b987cdbe,fbb76dd1-211d-445e-9e9c-16d8e6c460c9
486f23c1-73cd-4d4a-8398-9097e3d4e3c2,Mateo Mwangi,mateo.mwangi@example.com,079fdeb3-1809-4a93-af57-c79279a588db,fbb76dd1-211d-445e-9e9c-16d8e6c460c9
16283ee2-2353-43cc-9cc1-b8b1c0151efa,Priya Kaur,priya.kaur@example.com,92e4c07a-2828-4756-a08f-ed11f523b7cb,fbb76dd1-211d-445e-9e9c-16d8e6c460c9
f72c218c-dd0d-4edc-b1f9-a37de7c209ef,Liam Zhang,liam.zhang@example.com,b4d362be-acea-442a-a5e1-5c4f49e7eaa2,fbb76dd1-211d-445e-9e9c-16d8e6c460c9
dea8cf03-1f89-4732-b312-db6192eb265e,Fatima Kovac,fatima.kovac@example.com,2b3d6db6-ac3c-483e-9c32-dd06f62de0de,5b37c228-6d21-4187-b8a2-3139a9a420a4
cbedb570-7620-4782-a722-b5544c53a6dd,Chen Santos,chen.santos@example.com,9aef9125-80c7-46b9-b89c-caba1839cdf4,fbb76dd1-211d-445e-9e9c-16d8e6c460c9
313715f8-27f5-44be-ab11-750224fffbd9,Sofia Costa,sofia.costa@example.com,a7a27cb4-954c-4a66-9bc4-e791a340cd5c,fbb76dd1-211d-445e-9e9c-16d8e6c460c9
715218b3-fce1-4051-aa72-99253c731f54,Kwame Castillo,kwame.castillo@example.com,1dce92dd-f39e-4803-a093-80ac3b834af4,fbb76dd1-211d-445e-9e9c-16d8e6c460c9
bf847622-6387-4018-80d1-8ae5af88acf6,Yuki Okonkwo,yuki.okonkwo@example.com,fe9197ff-a58b-4123-848e-4d0707fdd322,fbb76dd1-211d-445e-9e9c-16d8e6c460c9
05c321f0-380b-4428-b31f-bb5e71e92bac,Diego Lindgren,diego.lindgren@example.com,c7288f27-5e2d-4127-bd5c-4f5d689818d6,fbb76dd1-211d-445e-9e9c-16d8e6c460c9
64a7629a-84db-41ac-82f3-27163d6ac26b,Amara Suzuki,amara.suzuki@example.com,8c9d050b-7093-4e26-944e-20c0adc8f22d,fbb76dd1-211d-445e-9e9c-16d8e6c460c9
23e85aa8-dcd7-4866-aa7e-a7802139588d,Noah Nguyen,noah.nguyen@example.com,ffeacc1a-d6b1-4c18-9e27-4ad0d78d0529,fbb76dd1-211d-445e-9e9c-16d8e6c460c9
1c7fa00e-9350-4c20-8e2f-84a46a48efe3,Ananya Wang,ananya.wang@example.com,7f5112d2-ea89-40fd-8906-1e292d58acd7,fbb76dd1-211d-445e-9e9c-16d8e6c460c9
6280ef08-0123-4481-a2e6-582419859e07,Omar Johnson,omar.johnson@example.com,dabb5a8c-efbb-4070-a75f-b8870ee8861a,fbb76dd1-211d-445e-9e9c-16d8e6c460c9
78ecf227-4b6f-4e51-b573-3bcacb669854,Isabella Park,isabella.park@example.com,79cf8452-fece-4aac-844f-a9f241620cc0,fbb76dd1-211d-445e-9e9c-16d8e6c460c9
31518ffb-ec5e-4730-83b9-53ab3a912e17,Jamal Moreau,jamal.moreau@example.com,098ca275-9396-4f6b-bdb1-426a1f058a5b,fbb76dd1-211d-445e-9e9c-16d8e6c460c9
59d5e928-2c1d-49f7-8937-34d6902ec71b,Mei Rossi,mei.rossi@example.com,9c1d11c3-daaf-4297-a342-6f7499a430f3,fbb76dd1-211d-445e-9e9c-16d8e6c460c9
e74e1e36-cd47-4518-b81e-5d426c2f07ef,Lucas Nakamura,lucas.nakamura@example.com,58c88a08-1afe-456e-802e-ee824151bac7,fbb76dd1-211d-445e-9e9c-16d8e6c460c9
9ea3beb7-cf20-4bfe-9958-75dc0a47344d,Zara Khan,zara.khan@example.com,e4b7cbd1-c915-4592-abfa-3952bf689595,fbb76dd1-211d-445e-9e9c-16d8e6c460c9
6be54aa0-abe7-4e4f-bc1a-6707a3ad4a6d,Hiroshi Ahmadi,hiroshi.ahmadi@example.com,799eaba1-80f2-4a16-8881-5050c30408a2,fbb76dd1-211d-445e-9e9c-16d8e6c460c9
f5944490-7750-465f-862a-f7a251a8c1e8,Camila Abebe,camila.abebe@example.com,32ca69fb-18c7-4af7-96b9-5d72782fa123,fbb76dd1-211d-445e-9e9c-16d8e6c460c9
235f6d97-25bb-45fe-b2bd-3ad33b73dd07,Tariq Kowalski,tariq.kowalski@example.com,ab074628-2616-43c7-b1c0-65ddb8663f82,fbb76dd1-211d-445e-9e9c-16d8e6c460c9
f091639b-f49c-46a8-afba-6d479b117727,Ingrid Boateng,ingrid.boateng@example.com,4bc6ede8-15b2-451c-b0a6-1bb3c2c87519,fbb76dd1-211d-445e-9e9c-16d8e6c460c9
be6fe4af-7e68-4e02-ac66-c6a3554c0a2a,Santiago Cohen,santiago.cohen@example.com,c106baf2-30b4-4e0e-86f1-cc5a13ef390a,fbb76dd1-211d-445e-9e9c-16d8e6c460c9
f4de9da0-455e-424c-93b6-0ef1f8cefaa6,Leila Patel,leila.patel@example.com,46619af7-bee0-435c-80eb-35907d9cf170,fbb76dd1-211d-445e-9e9c-16d8e6c460c9
8d004d42-1afb-4632-99ae-509d04a6d19d,Andre Jorgensen,andre.jorgensen@example.com,73c95403-e79d-4977-81ab-61fb0990b476,fbb76dd1-211d-445e-9e9c-16d8e6c460c9
6fa45bc5-cf8d-42fb-9a29-2066a0ba6c78,Nadia Liu,nadia.liu@example.com,fefcb0a9-5e35-41a7-baa7-2be57bddf02d,fbb76dd1-211d-445e-9e9c-16d8e6c460c9
d03b7dc0-90b8-422e-8743-14433b7efce2,Ravi Delgado,ravi.delgado@example.com,f9b6641f-c902-4b47-944b-e2e5f714a16c,5b37c228-6d21-4187-b8a2-3139a9a420a4
a45ebb5a-c98a-493f-9f74-0056a02c9087,Elena Bianchi,elena.bianchi@example.com,3813af36-62d5-4ace-ab6e-8ac947a5d950,fbb76dd1-211d-445e-9e9c-16d8e6c460c9
eb39ae6d-5c8d-49df-b0db-2350c34196b2,Kofi Mensah,kofi.mensah@example.com,16b3fed4-6271-46f6-8204-f7961c952cbd,fbb76dd1-211d-445e-9e9c-16d8e6c460c9
ca3150e5-894a-45bc-9e0a-45818994f4b6,Marisol Vargas,marisol.vargas@example.com,97c68fc9-8476-4fba-8383-fa958bb1f3ea,fbb76dd1-211d-445e-9e9c-16d8e6c460c9
46bd022a-4cb7-4c7a-af18-9a62d672ef56,Dmitri Lindqvist,dmitri.lindqvist@example.com,d6bc34b5-23b3-4f72-9d16-0919e21b2a64,fbb76dd1-211d-445e-9e9c-16d8e6c460c9
19e538f7-20fd-47c0-bbbe-a1262585d7f7,Aisha Sorensen,aisha.sorensen@example.com,d318bf37-a704-4e8c-be2c-71d22e727a18,fbb76dd1-211d-445e-9e9c-16d8e6c460c9
87565d78-0169-4d88-bb45-e241e6c117e6,Sebastian Novak,sebastian.novak@example.com,295aa200-dc36-4b74-b4b7-40b2d3582b44,fbb76dd1-211d-445e-9e9c-16d8e6c460c9
bd2f87b3-c0cf-4e46-a207-fc608b80a652,Thandiwe Reddy,thandiwe.reddy@example.com,e62a3f06-ef11-46f4-be18-2d4c6bea66d1,fbb76dd1-211d-445e-9e9c-16d8e6c460c9
376d5928-1f88-4720-8766-3060270b866e,Hassan Romano,hassan.romano@example.com,03659020-6917-439f-83c1-148d9b8099e7,fbb76dd1-211d-445e-9e9c-16d8e6c460c9
d187f1fa-7672-47b2-bd8e-c3eb88a2e727,Freya Oyelaran,freya.oyelaran@example.com,92a3a80c-a849-400f-af09-583f77539f44,fbb76dd1-211d-445e-9e9c-16d8e6c460c9
2afe93a5-ec5c-4153-a43f-d1ccf3feb088,Rafael Andersson,rafael.andersson@example.com,4bd88819-8aff-46ad-8e23-b0bb7e9699b0,fbb76dd1-211d-445e-9e9c-16d8e6c460c9
fc8736aa-1abe-4a49-a5ba-3b1f6aeb58f9,Ling Diallo,ling.diallo@example.com,b93e9286-f295-4ec5-8793-86eb6fead1c8,fbb76dd1-211d-445e-9e9c-16d8e6c460c9
cb53e268-50f2-45a3-9531-4fa7cde46d86,Mateus Mbeki,mateus.mbeki@example.com,fda02fc4-8023-40bc-8ae9-961a4f962d62,fbb76dd1-211d-445e-9e9c-16d8e6c460c9
fc93e47a-44cf-4706-8489-672b76e540cf,Esperanza Haugen,esperanza.haugen@example.com,ab3f693b-d022-480a-a3a0-13755d5e21fd,fbb76dd1-211d-445e-9e9c-16d8e6c460c9
cc69db38-637e-4a38-9c48-5f08eeebcdcc,Bjorn Osei,bjorn.osei@example.com,674671b6-8bb3-46b4-89d8-fd2d3ced8f51,fbb76dd1-211d-445e-9e9c-16d8e6c460c9
fa9ab6e7-42b4-48d6-b5da-f765a60a5f0e,Saanvi Tanaka,saanvi.tanaka@example.com,82854fc1-d670-4a59-9616-c99acdd8b951,fbb76dd1-211d-445e-9e9c-16d8e6c460c9
0e30dfb3-0880-4fc7-8ba1-7804ba724722,Idris Eze,idris.eze@example.com,5db77c3e-b5f4-42b6-9e9e-c8cff6105516,fbb76dd1-211d-445e-9e9c-16d8e6c460c9
945a2ca6-4b35-47cf-909c-679893a1377c,Carmen Ramirez,carmen.ramirez@example.com,5c8eff8b-2bae-4a21-8a27-bc6aa66297df,fbb76dd1-211d-445e-9e9c-16d8e6c460c9
7d61dff7-2c70-433f-ac19-c1d410ef4c13,Wei Vasquez,wei.vasquez@example.com,94d9153d-1b13-4e2b-95d5-8311ea3d15ad,fbb76dd1-211d-445e-9e9c-16d8e6c460c9
e59cbd1b-543c-43b6-8a61-9af79d7d10b5,Anika Hassan,anika.hassan@example.com,247b4f90-a788-42db-aa4b-a6971c97276a,fbb76dd1-211d-445e-9e9c-16d8e6c460c9
fdc3c676-9886-4dae-b94d-6faa5a137677,Joaquin Al-Farsi,joaquin.al-farsi@example.com,627296d5-9796-466d-896b-03b066446030,fbb76dd1-211d-445e-9e9c-16d8e6c460c9
84572227-b785-40a5-aae6-35eb779aa06c,Naomi Chowdhury,naomi.chowdhury@example.com,b9990e62-40be-462e-b80b-dbf8e367e6be,fbb76dd1-211d-445e-9e9c-16d8e6c460c9
5e94a5b8-080d-4e4a-a550-2857e30ac93b,Tobias Dubois,tobias.dubois@example.com,85fa7775-0bed-40d7-b3a9-f2d5e11f4d39,fbb76dd1-211d-445e-9e9c-16d8e6c460c9
44bf95bb-edef-4cec-8424-f41dbc3b3c2f,Layla Haddad,layla.haddad@example.com,b801f3a7-adcd-4582-85d6-bed0b987cdbe,5b37c228-6d21-4187-b8a2-3139a9a420a4
657dd292-9f09-4bd4-aecf-7d53357f695c,Emeka Ferreira,emeka.ferreira@example.com,079fdeb3-1809-4a93-af57-c79279a588db,fbb76dd1-211d-445e-9e9c-16d8e6c460c9
320e5fb5-9064-49af-b768-ba9f764cc57f,Valentina Petrov,valentina.petrov@example.com,92e4c07a-2828-4756-a08f-ed11f523b7cb,fbb76dd1-211d-445e-9e9c-16d8e6c460c9
dbe9faa4-8508-47c7-9bb5-52a91e806df1,Hana Iqbal,hana.iqbal@example.com,b4d362be-acea-442a-a5e1-5c4f49e7eaa2,fbb76dd1-211d-445e-9e9c-16d8e6c460c9
babb2e2d-cb06-404e-878a-fefa66fc0a82,Marcus Yamamoto,marcus.yamamoto@example.com,2b3d6db6-ac3c-483e-9c32-dd06f62de0de,fbb76dd1-211d-445e-9e9c-16d8e6c460c9
1db18c8b-e889-44ab-8da8-f37f992270c5,Rania Garcia,rania.garcia@example.com,9aef9125-80c7-46b9-b89c-caba1839cdf4,fbb76dd1-211d-445e-9e9c-16d8e6c460c9
73891409-ff7f-4898-85ae-4ac9aaca83f5,Pedro Sharma,pedro.sharma@example.com,a7a27cb4-954c-4a66-9bc4-e791a340cd5c,fbb76dd1-211d-445e-9e9c-16d8e6c460c9
88e51d02-f9f3-4a35-b346-3c6bb21febe4,Indira Adeyemi,indira.adeyemi@example.com,1dce92dd-f39e-4803-a093-80ac3b834af4,fbb76dd1-211d-445e-9e9c-16d8e6c460c9
1feb18c7-eced-46fa-a371-a5c1283c46f4,Soren Okafor,soren.okafor@example.com,fe9197ff-a58b-4123-848e-4d0707fdd322,fbb76dd1-211d-445e-9e9c-16d8e6c460c9
03cfc818-4b07-46ff-826b-b1cc18855271,Gabriela Silva,gabriela.silva@example.com,c7288f27-5e2d-4127-bd5c-4f5d689818d6,fbb76dd1-211d-445e-9e9c-16d8e6c460c9
fc2c61ea-9619-4ca4-8d5e-47515dce6d40,Aaliyah Johnson,aaliyah.johnson@example.com,8c9d050b-7093-4e26-944e-20c0adc8f22d,fbb76dd1-211d-445e-9e9c-16d8e6c460c9
d1abede4-56b9-4dbf-a64c-cab286ded82e,Mateo Park,mateo.park@example.com,ffeacc1a-d6b1-4c18-9e27-4ad0d78d0529,fbb76dd1-211d-445e-9e9c-16d8e6c460c9
bdd439b4-b784-4c84-a19d-ff725472b2d5,Priya Moreau,priya.moreau@example.com,7f5112d2-ea89-40fd-8906-1e292d58acd7,fbb76dd1-211d-445e-9e9c-16d8e6c460c9
fd36b0e4-1580-4bda-b4a1-1ad1893904d8,Liam Rossi,liam.rossi@example.com,dabb5a8c-efbb-4070-a75f-b8870ee8861a,fbb76dd1-211d-445e-9e9c-16d8e6c460c9
029ded33-4218-4a8b-8402-7f888490d1a0,Fatima Nakamura,fatima.nakamura@example.com,79cf8452-fece-4aac-844f-a9f241620cc0,fbb76dd1-211d-445e-9e9c-16d8e6c460c9
e0474193-91c7-4e93-9dda-4feb582bb601,Chen Khan,chen.khan@example.com,098ca275-9396-4f6b-bdb1-426a1f058a5b,fbb76dd1-211d-445e-9e9c-16d8e6c460c9
d075c2f9-a3e8-42cc-ad8c-d820b1eb45f1,Sofia Ahmadi,sofia.ahmadi@example.com,9c1d11c3-daaf-4297-a342-6f7499a430f3,fbb76dd1-211d-445e-9e9c-16d8e6c460c9
c4b4eca3-632c-46e0-93c7-a7b1e48b549f,Kwame Abebe,kwame.abebe@example.com,58c88a08-1afe-456e-802e-ee824151bac7,fbb76dd1-211d-445e-9e9c-16d8e6c460c9
bd93d5e0-9aee-46a9-9bac-020960b0f4b0,Yuki Kowalski,yuki.kowalski@example.com,e4b7cbd1-c915-4592-abfa-3952bf689595,fbb76dd1-211d-445e-9e9c-16d8e6c460c9
72397869-f446-4b5c-8881-a3233d8091df,Diego Boateng,diego.boateng@example.com,799eaba1-80f2-4a16-8881-5050c30408a2,fbb76dd1-211d-445e-9e9c-16d8e6c460c9
9de6b231-995c-480b-85de-f74567c99d2f,Amara Cohen,amara.cohen@example.com,32ca69fb-18c7-4af7-96b9-5d72782fa123,fbb76dd1-211d-445e-9e9c-16d8e6c460c9
df18db5b-2e38-40e7-a29c-9f886b956698,Noah Patel,noah.patel@example.com,ab074628-2616-43c7-b1c0-65ddb8663f82,fbb76dd1-211d-445e-9e9c-16d8e6c460c9
7c9ac2b5-ced6-4ade-ba46-d375edf535be,Ananya Jorgensen,ananya.jorgensen@example.com,4bc6ede8-15b2-451c-b0a6-1bb3c2c87519,fbb76dd1-211d-445e-9e9c-16d8e6c460c9
c1908381-cb56-438a-8675-40fdf7c6b258,Omar Liu,omar.liu@example.com,c106baf2-30b4-4e0e-86f1-cc5a13ef390a,5b37c228-6d21-4187-b8a2-3139a9a420a4
dabf2f8a-e53f-458a-85d1-987b193194ca,Isabella Delgado,isabella.delgado@example.com,46619af7-bee0-435c-80eb-35907d9cf170,fbb76dd1-211d-445e-9e9c-16d8e6c460c9
40a04b50-3b56-4b9e-9305-1cf796393de9,Jamal Bianchi,jamal.bianchi@example.com,73c95403-e79d-4977-81ab-61fb0990b476,fbb76dd1-211d-445e-9e9c-16d8e6c460c9
bc43aaa5-dca7-43b0-b1c6-20eb2b0ae5ec,Mei Mensah,mei.mensah@example.com,fefcb0a9-5e35-41a7-baa7-2be57bddf02d,fbb76dd1-211d-445e-9e9c-16d8e6c460c9
4e648a4d-30b5-47bf-be0e-ba9a7445998c,Lucas Vargas,lucas.vargas@example.com,f9b6641f-c902-4b47-944b-e2e5f714a16c,fbb76dd1-211d-445e-9e9c-16d8e6c460c9
5bf67ccc-bd64-4846-9a59-edb530f0f3dc,Zara Lindqvist,zara.lindqvist@example.com,3813af36-62d5-4ace-ab6e-8ac947a5d950,fbb76dd1-211d-445e-9e9c-16d8e6c460c9
3682ba70-42ec-4624-b38a-24e60eba6023,Hiroshi Sorensen,hiroshi.sorensen@example.com,16b3fed4-6271-46f6-8204-f7961c952cbd,fbb76dd1-211d-445e-9e9c-16d8e6c460c9
a3909465-0218-4a8a-bbb7-b8e300ec3d5a,Camila Novak,camila.novak@example.com,97c68fc9-8476-4fba-8383-fa958bb1f3ea,fbb76dd1-211d-445e-9e9c-16d8e6c460c9
4946b0db-766f-4451-9c2b-b3465a8fa63e,Tariq Reddy,tariq.reddy@example.com,d6bc34b5-23b3-4f72-9d16-0919e21b2a64,fbb76dd1-211d-445e-9e9c-16d8e6c460c9
5675b183-d065-46ea-8d4f-53d678b04361,Ingrid Romano,ingrid.romano@example.com,d318bf37-a704-4e8c-be2c-71d22e727a18,fbb76dd1-211d-445e-9e9c-16d8e6c460c9
a32c4372-b3ce-4a93-ae95-57ac08360493,Santiago Oyelaran,santiago.oyelaran@example.com,295aa200-dc36-4b74-b4b7-40b2d3582b44,fbb76dd1-211d-445e-9e9c-16d8e6c460c9
84c2ff20-394b-4a27-9583-0676172b1ab1,Leila Andersson,leila.andersson@example.com,e62a3f06-ef11-46f4-be18-2d4c6bea66d1,fbb76dd1-211d-445e-9e9c-16d8e6c460c9
864a52ab-2613-4f7d-92a1-5b26112c7aa1,Andre Diallo,andre.diallo@example.com,03659020-6917-439f-83c1-148d9b8099e7,fbb76dd1-211d-445e-9e9c-16d8e6c460c9
9fc4d4e2-07f5-4f85-abaf-f8419e982408,Nadia Mbeki,nadia.mbeki@example.com,92a3a80c-a849-400f-af09-583f77539f44,fbb76dd1-211d-445e-9e9c-16d8e6c460c9
eddfa32a-34ca-4b28-ac32-da0f949d6385,Ravi Haugen,ravi.haugen@example.com,4bd88819-8aff-46ad-8e23-b0bb7e9699b0,fbb76dd1-211d-445e-9e9c-16d8e6c460c9
5a55f8f6-c3f5-4a9c-997e-9fd0f146de05,Elena Osei,elena.osei@example.com,b93e9286-f295-4ec5-8793-86eb6fead1c8,fbb76dd1-211d-445e-9e9c-16d8e6c460c9
fcf4d21e-703c-4c4c-bece-1410f93946ce,Kofi Tanaka,kofi.tanaka@example.com,fda02fc4-8023-40bc-8ae9-961a4f962d62,fbb76dd1-211d-445e-9e9c-16d8e6c460c9
da5a1139-2d5a-4e43-ba0b-19fc402898f5,Marisol Eze,marisol.eze@example.com,ab3f693b-d022-480a-a3a0-13755d5e21fd,fbb76dd1-211d-445e-9e9c-16d8e6c460c9
1035a34b-0c62-4be3-a3ae-7314e24e0799,Dmitri Ramirez,dmitri.ramirez@example.com,674671b6-8bb3-46b4-89d8-fd2d3ced8f51,fbb76dd1-211d-445e-9e9c-16d8e6c460c9
4081887f-c92e-4acb-a683-cf11b9400b80,Aisha Vasquez,aisha.vasquez@example.com,82854fc1-d670-4a59-9616-c99acdd8b951,fbb76dd1-211d-445e-9e9c-16d8e6c460c9
4b2d4535-e988-4d04-af44-49b5f8fffba3,Sebastian Hassan,sebastian.hassan@example.com,5db77c3e-b5f4-42b6-9e9e-c8cff6105516,fbb76dd1-211d-445e-9e9c-16d8e6c460c9
b836091a-ba79-4ec5-b75d-65d07b83ef5e,Thandiwe Al-Farsi,thandiwe.al-farsi@example.com,5c8eff8b-2bae-4a21-8a27-bc6aa66297df,fbb76dd1-211d-445e-9e9c-16d8e6c460c9
a8c4f5a1-495b-4727-990f-d5c62b7104a9,Hassan Chowdhury,hassan.chowdhury@example.com,94d9153d-1b13-4e2b-95d5-8311ea3d15ad,fbb76dd1-211d-445e-9e9c-16d8e6c460c9
4e8dd094-c4f1-4e29-abff-595efb9ca530,Freya Dubois,freya.dubois@example.com,247b4f90-a788-42db-aa4b-a6971c97276a,5b37c228-6d21-4187-b8a2-3139a9a420a4
58e7618b-e96f-402a-8e30-91a785284052,Rafael Haddad,rafael.haddad@example.com,627296d5-9796-466d-896b-03b066446030,fbb76dd1-211d-445e-9e9c-16d8e6c460c9
9f3ab776-7edd-4e13-9b7a-76fbb1a2c0c5,Ling Ferreira,ling.ferreira@example.com,b9990e62-40be-462e-b80b-dbf8e367e6be,fbb76dd1-211d-445e-9e9c-16d8e6c460c9
b807ddd8-6dd9-4dc8-9c8f-f3e1e958f47d,Mateus Petrov,mateus.petrov@example.com,85fa7775-0bed-40d7-b3a9-f2d5e11f4d39,fbb76dd1-211d-445e-9e9c-16d8e6c460c9
75972b2d-dabc-4699-85b0-f31b8306f6e7,Esperanza Iqbal,esperanza.iqbal@example.com,b801f3a7-adcd-4582-85d6-bed0b987cdbe,fbb76dd1-211d-445e-9e9c-16d8e6c460c9
4ec23829-5700-47d4-9174-c64dcfeb98cb,Bjorn Yamamoto,bjorn.yamamoto@example.com,079fdeb3-1809-4a93-af57-c79279a588db,fbb76dd1-211d-445e-9e9c-16d8e6c460c9
99cb0e01-a99b-4d58-a2b2-4fa17daba0fe,Saanvi Garcia,saanvi.garcia@example.com,92e4c07a-2828-4756-a08f-ed11f523b7cb,fbb76dd1-211d-445e-9e9c-16d8e6c460c9
3cd1cfaf-1108-4e60-aecf-c01bdf0205b6,Idris Sharma,idris.sharma@example.com,b4d362be-acea-442a-a5e1-5c4f49e7eaa2,fbb76dd1-211d-445e-9e9c-16d8e6c460c9
83abf7a5-1d70-4f66-9a35-3dd47cea5a38,Carmen Adeyemi,carmen.adeyemi@example.com,2b3d6db6-ac3c-483e-9c32-dd06f62de0de,fbb76dd1-211d-445e-9e9c-16d8e6c460c9
eeb799a5-aae4-4b36-9532-126f895d0e9e,Wei Okafor,wei.okafor@example.com,9aef9125-80c7-46b9-b89c-caba1839cdf4,fbb76dd1-211d-445e-9e9c-16d8e6c460c9
0d2cc91c-7b52-408d-a386-07e544eee828,Anika Silva,anika.silva@example.com,a7a27cb4-954c-4a66-9bc4-e791a340cd5c,fbb76dd1-211d-445e-9e9c-16d8e6c460c9
f7464e1f-0389-471e-bd63-562f2042d4f4,Joaquin Fernandes,joaquin.fernandes@example.com,1dce92dd-f39e-4803-a093-80ac3b834af4,fbb76dd1-211d-445e-9e9c-16d8e6c460c9
bd391a79-524f-4f2a-a142-fac34451c72d,Naomi Mwangi,naomi.mwangi@example.com,fe9197ff-a58b-4123-848e-4d0707fdd322,fbb76dd1-211d-445e-9e9c-16d8e6c460c9
e068116a-03b2-4cd2-ae80-ba4533ae4cbd,Tobias Kaur,tobias.kaur@example.com,c7288f27-5e2d-4127-bd5c-4f5d689818d6,fbb76dd1-211d-445e-9e9c-16d8e6c460c9
437156b1-27e4-4246-a1ab-7f415a61be68,Layla Zhang,layla.zhang@example.com,8c9d050b-7093-4e26-944e-20c0adc8f22d,fbb76dd1-211d-445e-9e9c-16d8e6c460c9
db8d0cfa-3ba2-4654-ab32-d4d3fc0be122,Emeka Kovac,emeka.kovac@example.com,ffeacc1a-d6b1-4c18-9e27-4ad0d78d0529,fbb76dd1-211d-445e-9e9c-16d8e6c460c9
74e309b2-58cd-47f9-9c36-93fd2441212c,Valentina Santos,valentina.santos@example.com,7f5112d2-ea89-40fd-8906-1e292d58acd7,fbb76dd1-211d-445e-9e9c-16d8e6c460c9
33a7a9ae-24b9-41ae-a311-b984e8d2376a,Hana Costa,hana.costa@example.com,dabb5a8c-efbb-4070-a75f-b8870ee8861a,fbb76dd1-211d-445e-9e9c-16d8e6c460c9
da7aef56-fed5-411e-8de5-d05321178a54,Marcus Castillo,marcus.castillo@example.com,79cf8452-fece-4aac-844f-a9f241620cc0,fbb76dd1-211d-445e-9e9c-16d8e6c460c9
7511df14-d375-435c-be0f-5ba838f5009a,Rania Okonkwo,rania.okonkwo@example.com,098ca275-9396-4f6b-bdb1-426a1f058a5b,fbb76dd1-211d-445e-9e9c-16d8e6c460c9
8bd78cf7-a622-4259-8acb-95dd91c8688b,Pedro Lindgren,pedro.lindgren@example.com,9c1d11c3-daaf-4297-a342-6f7499a430f3,fbb76dd1-211d-445e-9e9c-16d8e6c460c9
f51f64fd-e117-43c2-8476-891bb1a5733d,Indira Suzuki,indira.suzuki@example.com,58c88a08-1afe-456e-802e-ee824151bac7,fbb76dd1-211d-445e-9e9c-16d8e6c460c9
0b3ca71e-dc8e-4e6a-9656-f76f2c2cdf15,Soren Nguyen,soren.nguyen@example.com,e4b7cbd1-c915-4592-abfa-3952bf689595,fbb76dd1-211d-445e-9e9c-16d8e6c460c9
03adf088-bd18-40fb-9160-78ec5180b556,Gabriela Wang,gabriela.wang@example.com,799eaba1-80f2-4a16-8881-5050c30408a2,5b37c228-6d21-4187-b8a2-3139a9a420a4
d6fd616a-b29c-41d2-953f-19b33f3e6d63,Aaliyah Liu,aaliyah.liu@example.com,32ca69fb-18c7-4af7-96b9-5d72782fa123,fbb76dd1-211d-445e-9e9c-16d8e6c460c9
e582159b-799d-4cbf-84a9-dca1ad52ea49,Mateo Delgado,mateo.delgado@example.com,ab074628-2616-43c7-b1c0-65ddb8663f82,fbb76dd1-211d-445e-9e9c-16d8e6c460c9
4eb335ea-f596-47f7-a92b-9633dcb6f89b,Priya Bianchi,priya.bianchi@example.com,4bc6ede8-15b2-451c-b0a6-1bb3c2c87519,fbb76dd1-211d-445e-9e9c-16d8e6c460c9
95d57c20-09dd-4551-9303-935cce2e7f53,Liam Mensah,liam.mensah@example.com,c106baf2-30b4-4e0e-86f1-cc5a13ef390a,fbb76dd1-211d-445e-9e9c-16d8e6c460c9
f23766d5-b14d-42fe-a819-7606baf67b47,Fatima Vargas,fatima.vargas@example.com,46619af7-bee0-435c-80eb-35907d9cf170,fbb76dd1-211d-445e-9e9c-16d8e6c460c9
e106fe61-f3fe-4bb4-9054-f8d8e9b3cdca,Chen Lindqvist,chen.lindqvist@example.com,73c95403-e79d-4977-81ab-61fb0990b476,fbb76dd1-211d-445e-9e9c-16d8e6c460c9
e7b570f6-d306-4aee-adfd-d3d695f5add9,Sofia Sorensen,sofia.sorensen@example.com,fefcb0a9-5e35-41a7-baa7-2be57bddf02d,fbb76dd1-211d-445e-9e9c-16d8e6c460c9
e98aae8f-78f4-4bd0-a004-9e8988a741a8,Kwame Novak,kwame.novak@example.com,f9b6641f-c902-4b47-944b-e2e5f714a16c,fbb76dd1-211d-445e-9e9c-16d8e6c460c9
24279af0-18ef-42be-aabd-b7a169fce815,Yuki Reddy,yuki.reddy@example.com,3813af36-62d5-4ace-ab6e-8ac947a5d950,fbb76dd1-211d-445e-9e9c-16d8e6c460c9
64ba3752-667d-433c-9216-40216241b55b,Diego Romano,diego.romano@example.com,16b3fed4-6271-46f6-8204-f7961c952cbd,fbb76dd1-211d-445e-9e9c-16d8e6c460c9
1ef77842-63bc-449e-93c6-a69af28a16de,Amara Oyelaran,amara.oyelaran@example.com,97c68fc9-8476-4fba-8383-fa958bb1f3ea,fbb76dd1-211d-445e-9e9c-16d8e6c460c9
08560b13-090b-4c08-9801-44eac2eb8b99,Noah Andersson,noah.andersson@example.com,d6bc34b5-23b3-4f72-9d16-0919e21b2a64,fbb76dd1-211d-445e-9e9c-16d8e6c460c9
72f43c26-cce7-45ac-ae1a-f5421a0e3dab,Ananya Diallo,ananya.diallo@example.com,d318bf37-a704-4e8c-be2c-71d22e727a18,fbb76dd1-211d-445e-9e9c-16d8e6c460c9
8d713e71-b74a-4d20-a89a-472daae384b2,Omar Mbeki,omar.mbeki@example.com,295aa200-dc36-4b74-b4b7-40b2d3582b44,fbb76dd1-211d-445e-9e9c-16d8e6c460c9
de68a1ca-4e4e-47f1-b0b2-28d5876f7244,Isabella Haugen,isabella.haugen@example.com,e62a3f06-ef11-46f4-be18-2d4c6bea66d1,fbb76dd1-211d-445e-9e9c-16d8e6c460c9
809cef9c-dd47-4fec-b7f0-c7e4a857179a,Jamal Osei,jamal.osei@example.com,03659020-6917-439f-83c1-148d9b8099e7,fbb76dd1-211d-445e-9e9c-16d8e6c460c9
60f46d1b-6c01-4c55-b649-ee27e8ffe14b,Mei Tanaka,mei.tanaka@example.com,92a3a80c-a849-400f-af09-583f77539f44,fbb76dd1-211d-445e-9e9c-16d8e6c460c9
1f4ff4f9-17c1-4fe2-bc0d-e9dc005f7ecf,Lucas Eze,lucas.eze@example.com,4bd88819-8aff-46ad-8e23-b0bb7e9699b0,fbb76dd1-211d-445e-9e9c-16d8e6c460c9
846e166f-1f9a-4c54-9e3d-c4cd6def73b2,Zara Ramirez,zara.ramirez@example.com,b93e9286-f295-4ec5-8793-86eb6fead1c8,fbb76dd1-211d-445e-9e9c-16d8e6c460c9
71391818-6f52-4960-9678-ae77947bd712,Hiroshi Vasquez,hiroshi.vasquez@example.com,fda02fc4-8023-40bc-8ae9-961a4f962d62,fbb76dd1-211d-445e-9e9c-16d8e6c460c9
296a195d-d310-44b4-9fef-d791d11f3a9f,Camila Hassan,camila.hassan@example.com,ab3f693b-d022-480a-a3a0-13755d5e21fd,fbb76dd1-211d-445e-9e9c-16d8e6c460c9
6789751b-89b5-476b-b238-b687d72994d8,Tariq Al-Farsi,tariq.al-farsi@example.com,674671b6-8bb3-46b4-89d8-fd2d3ced8f51,fbb76dd1-211d-445e-9e9c-16d8e6c460c9
5014f5f1-0ebc-4eb9-b5b4-b9beef4a7ae4,Ingrid Chowdhury,ingrid.chowdhury@example.com,82854fc1-d670-4a59-9616-c99acdd8b951,5b37c228-6d21-4187-b8a2-3139a9a420a4
e1447830-12c3-4e15-8fe2-ed85fe06ecde,Santiago Dubois,santiago.dubois@example.com,5db77c3e-b5f4-42b6-9e9e-c8cff6105516,fbb76dd1-211d-445e-9e9c-16d8e6c460c9
de98eb7f-b8e2-4cdd-afcd-0ba23d544315,Leila Haddad,leila.haddad@example.com,5c8eff8b-2bae-4a21-8a27-bc6aa66297df,fbb76dd1-211d-445e-9e9c-16d8e6c460c9
0a6afd2c-20ac-429d-a7fa-09429af9d471,Andre Ferreira,andre.ferreira@example.com,94d9153d-1b13-4e2b-95d5-8311ea3d15ad,fbb76dd1-211d-445e-9e9c-16d8e6c460c9
46c56446-1346-4efa-b321-db839f7c53a1,Nadia Petrov,nadia.petrov@example.com,247b4f90-a788-42db-aa4b-a6971c97276a,fbb76dd1-211d-445e-9e9c-16d8e6c460c9
bd5aca08-aa4d-42f3-9cee-1b63a781563e,Ravi Iqbal,ravi.iqbal@example.com,627296d5-9796-466d-896b-03b066446030,fbb76dd1-211d-445e-9e9c-16d8e6c460c9
83c18b91-d258-4f27-b8de-d79c587f4633,Elena Yamamoto,elena.yamamoto@example.com,b9990e62-40be-462e-b80b-dbf8e367e6be,fbb76dd1-211d-445e-9e9c-16d8e6c460c9
321072de-a5a8-4c44-b64f-77345927f07c,Kofi Garcia,kofi.garcia@example.com,85fa7775-0bed-40d7-b3a9-f2d5e11f4d39,fbb76dd1-211d-445e-9e9c-16d8e6c460c9
3bf27843-25af-4fb9-acaa-578e39fd9fc0,Marisol Sharma,marisol.sharma@example.com,b801f3a7-adcd-4582-85d6-bed0b987cdbe,fbb76dd1-211d-445e-9e9c-16d8e6c460c9
d448ad58-a12b-4fa9-acc3-998e30848bd2,Dmitri Adeyemi,dmitri.adeyemi@example.com,079fdeb3-1809-4a93-af57-c79279a588db,fbb76dd1-211d-445e-9e9c-16d8e6c460c9
5b5a3e9e-16b9-423d-8afa-3a9be57a1166,Aisha Okafor,aisha.okafor@example.com,92e4c07a-2828-4756-a08f-ed11f523b7cb,fbb76dd1-211d-445e-9e9c-16d8e6c460c9
433c4f53-dc86-4a97-8241-e039a990c1be,Sebastian Silva,sebastian.silva@example.com,b4d362be-acea-442a-a5e1-5c4f49e7eaa2,fbb76dd1-211d-445e-9e9c-16d8e6c460c9
65517dcf-78bf-45f4-858e-74b162090311,Thandiwe Fernandes,thandiwe.fernandes@example.com,2b3d6db6-ac3c-483e-9c32-dd06f62de0de,fbb76dd1-211d-445e-9e9c-16d8e6c460c9
017fee07-974e-4c32-b697-3bcbdfbddff4,Hassan Mwangi,hassan.mwangi@example.com,9aef9125-80c7-46b9-b89c-caba1839cdf4,fbb76dd1-211d-445e-9e9c-16d8e6c460c9
1e3af359-3493-4acb-a8bc-d2a8d2838196,Freya Kaur,freya.kaur@example.com,a7a27cb4-954c-4a66-9bc4-e791a340cd5c,fbb76dd1-211d-445e-9e9c-16d8e6c460c9
df4d2c04-26e3-44ad-8f46-4a30cebf32f0,Rafael Zhang,rafael.zhang@example.com,1dce92dd-f39e-4803-a093-80ac3b834af4,fbb76dd1-211d-445e-9e9c-16d8e6c460c9
54844b85-10ad-4c21-93e6-2ce1921cdf56,Ling Kovac,ling.kovac@example.com,fe9197ff-a58b-4123-848e-4d0707fdd322,fbb76dd1-211d-445e-9e9c-16d8e6c460c9
62806f8f-bfe1-4f98-9727-2c61033d612c,Mateus Santos,mateus.santos@example.com,c7288f27-5e2d-4127-bd5c-4f5d689818d6,fbb76dd1-211d-445e-9e9c-16d8e6c460c9
9e08c57f-4b7e-4306-a0ae-c9b74c321317,Esperanza Costa,esperanza.costa@example.com,8c9d050b-7093-4e26-944e-20c0adc8f22d,fbb76dd1-211d-445e-9e9c-16d8e6c460c9
180ffabf-5a2e-4f60-91e9-71693056c092,Bjorn Castillo,bjorn.castillo@example.com,ffeacc1a-d6b1-4c18-9e27-4ad0d78d0529,fbb76dd1-211d-445e-9e9c-16d8e6c460c9
46209725-c251-4f96-92e5-d456f5aee667,Saanvi Okonkwo,saanvi.okonkwo@example.com,7f5112d2-ea89-40fd-8906-1e292d58acd7,fbb76dd1-211d-445e-9e9c-16d8e6c460c9
ae1aa945-393b-44ee-8194-c0eb6f4a853f,Idris Lindgren,idris.lindgren@example.com,dabb5a8c-efbb-4070-a75f-b8870ee8861a,fbb76dd1-211d-445e-9e9c-16d8e6c460c9
4031a4a0-48f3-40ce-8b1f-c27ac410cae9,Carmen Suzuki,carmen.suzuki@example.com,79cf8452-fece-4aac-844f-a9f241620cc0,fbb76dd1-211d-445e-9e9c-16d8e6c460c9
aade3d42-2042-460c-bc53-092e3d53d913,Wei Nguyen,wei.nguyen@example.com,098ca275-9396-4f6b-bdb1-426a1f058a5b,5b37c228-6d21-4187-b8a2-3139a9a420a4
b327c280-1062-4f74-953d-149bfe6084dc,Anika Wang,anika.wang@example.com,9c1d11c3-daaf-4297-a342-6f7499a430f3,fbb76dd1-211d-445e-9e9c-16d8e6c460c9
46e8ae8f-015d-4570-a202-79a8fabf999c,Joaquin Johnson,joaquin.johnson@example.com,58c88a08-1afe-456e-802e-ee824151bac7,fbb76dd1-211d-445e-9e9c-16d8e6c460c9
1a8d463c-e054-403e-b2be-271bc0b27151,Naomi Park,naomi.park@example.com,e4b7cbd1-c915-4592-abfa-3952bf689595,fbb76dd1-211d-445e-9e9c-16d8e6c460c9
92f937ad-a2b9-4310-9204-ed3b6b372ce7,Tobias Moreau,tobias.moreau@example.com,799eaba1-80f2-4a16-8881-5050c30408a2,fbb76dd1-211d-445e-9e9c-16d8e6c460c9
51cf2fb7-f95a-4264-8733-e8caf9926827,Layla Rossi,layla.rossi@example.com,32ca69fb-18c7-4af7-96b9-5d72782fa123,fbb76dd1-211d-445e-9e9c-16d8e6c460c9
6c8a9f4e-85a5-4ac2-9a00-f800ab42d1de,Emeka Nakamura,emeka.nakamura@example.com,ab074628-2616-43c7-b1c0-65ddb8663f82,fbb76dd1-211d-445e-9e9c-16d8e6c460c9
b52f80f9-dc07-42cd-89d7-25ecd32706a5,Valentina Khan,valentina.khan@example.com,4bc6ede8-15b2-451c-b0a6-1bb3c2c87519,fbb76dd1-211d-445e-9e9c-16d8e6c460c9
9e0fcd99-287d-4c8c-b94e-b755fa30f644,Hana Ahmadi,hana.ahmadi@example.com,c106baf2-30b4-4e0e-86f1-cc5a13ef390a,fbb76dd1-211d-445e-9e9c-16d8e6c460c9
3639c8d7-5dbb-437d-80bb-330a198020df,Marcus Abebe,marcus.abebe@example.com,46619af7-bee0-435c-80eb-35907d9cf170,fbb76dd1-211d-445e-9e9c-16d8e6c460c9
fe45ea9b-a2a8-4b2f-9477-a0e73612b1bb,Rania Kowalski,rania.kowalski@example.com,73c95403-e79d-4977-81ab-61fb0990b476,fbb76dd1-211d-445e-9e9c-16d8e6c460c9
b5a9c47b-5b34-4b65-b601-659f0cc814ae,Pedro Boateng,pedro.boateng@example.com,fefcb0a9-5e35-41a7-baa7-2be57bddf02d,fbb76dd1-211d-445e-9e9c-16d8e6c460c9
dbec2297-b79e-47af-aa3f-226c89b419ec,Indira Cohen,indira.cohen@example.com,f9b6641f-c902-4b47-944b-e2e5f714a16c,fbb76dd1-211d-445e-9e9c-16d8e6c460c9
92da50f8-66c4-4252-87c0-233c03d0e349,Soren Patel,soren.patel@example.com,3813af36-62d5-4ace-ab6e-8ac947a5d950,fbb76dd1-211d-445e-9e9c-16d8e6c460c9
df9a850d-4b42-44c8-b89b-16daa650da0e,Gabriela Jorgensen,gabriela.jorgensen@example.com,16b3fed4-6271-46f6-8204-f7961c952cbd,fbb76dd1-211d-445e-9e9c-16d8e6c460c9
24ccfd2c-4831-46ef-983f-8df118174235,Aaliyah Mbeki,aaliyah.mbeki@example.com,97c68fc9-8476-4fba-8383-fa958bb1f3ea,fbb76dd1-211d-445e-9e9c-16d8e6c460c9
b04c153e-083d-4cd9-b4bf-b467430f8251,Mateo Haugen,mateo.haugen@example.com,d6bc34b5-23b3-4f72-9d16-0919e21b2a64,fbb76dd1-211d-445e-9e9c-16d8e6c460c9
6ab7e6d2-4e60-48a0-b404-4b621f26ff0c,Priya Osei,priya.osei@example.com,d318bf37-a704-4e8c-be2c-71d22e727a18,fbb76dd1-211d-445e-9e9c-16d8e6c460c9
7948bd7e-40dd-42aa-a671-3850798e5641,Liam Tanaka,liam.tanaka@example.com,295aa200-dc36-4b74-b4b7-40b2d3582b44,fbb76dd1-211d-445e-9e9c-16d8e6c460c9
7fd57816-865c-4e5b-9ebe-321dfb30a44e,Fatima Eze,fatima.eze@example.com,e62a3f06-ef11-46f4-be18-2d4c6bea66d1,fbb76dd1-211d-445e-9e9c-16d8e6c460c9
a6ce11a6-a778-462c-9fb1-1a0f310f643b,Chen Ramirez,chen.ramirez@example.com,03659020-6917-439f-83c1-148d9b8099e7,fbb76dd1-211d-445e-9e9c-16d8e6c460c9
709551dd-022c-42bb-962f-f6fa484df019,Sofia Vasquez,sofia.vasquez@example.com,92a3a80c-a849-400f-af09-583f77539f44,fbb76dd1-211d-445e-9e9c-16d8e6c460c9
fc26c6f3-1679-4d35-bbc9-af0f76394915,Kwame Hassan,kwame.hassan@example.com,4bd88819-8aff-46ad-8e23-b0bb7e9699b0,fbb76dd1-211d-445e-9e9c-16d8e6c460c9
8bee9e4b-e051-4e81-8962-7d7356da15b9,Yuki Al-Farsi,yuki.al-farsi@example.com,b93e9286-f295-4ec5-8793-86eb6fead1c8,5b37c228-6d21-4187-b8a2-3139a9a420a4
5e167a82-2c9f-45d7-b9b1-5966ae38cbc4,Diego Chowdhury,diego.chowdhury@example.com,fda02fc4-8023-40bc-8ae9-961a4f962d62,fbb76dd1-211d-445e-9e9c-16d8e6c460c9
905fa1ec-4287-4353-acce-da254f723c5e,Amara Dubois,amara.dubois@example.com,ab3f693b-d022-480a-a3a0-13755d5e21fd,fbb76dd1-211d-445e-9e9c-16d8e6c460c9
4853adb8-72d6-48ef-9ab7-1e8eabbb7c40,Noah Haddad,noah.haddad@example.com,674671b6-8bb3-46b4-89d8-fd2d3ced8f51,fbb76dd1-211d-445e-9e9c-16d8e6c460c9
5f7eefc1-54f5-47bc-ac9d-54639ef7e313,Ananya Ferreira,ananya.ferreira@example.com,82854fc1-d670-4a59-9616-c99acdd8b951,fbb76dd1-211d-445e-9e9c-16d8e6c460c9
982f6ab4-8e03-4696-8b18-43470065690e,Omar Petrov,omar.petrov@example.com,5db77c3e-b5f4-42b6-9e9e-c8cff6105516,fbb76dd1-211d-445e-9e9c-16d8e6c460c9
940f08a5-8e9c-4419-8782-ba17caa6b02a,Isabella Iqbal,isabella.iqbal@example.com,5c8eff8b-2bae-4a21-8a27-bc6aa66297df,fbb76dd1-211d-445e-9e9c-16d8e6c460c9
8f7d585b-6c62-48ae-82a1-c8b2bb305a12,Jamal Yamamoto,jamal.yamamoto@example.com,94d9153d-1b13-4e2b-95d5-8311ea3d15ad,fbb76dd1-211d-445e-9e9c-16d8e6c460c9
aed481ad-4c6b-4f78-be73-3b4db1417e2c,Mei Garcia,mei.garcia@example.com,247b4f90-a788-42db-aa4b-a6971c97276a,fbb76dd1-211d-445e-9e9c-16d8e6c460c9
6aba4a10-0383-4180-a551-214c6948bcc9,Lucas Sharma,lucas.sharma@example.com,627296d5-9796-466d-896b-03b066446030,fbb76dd1-211d-445e-9e9c-16d8e6c460c9
a70f7efa-effc-4ff8-aaca-e390f01dbf35,Zara Adeyemi,zara.adeyemi@example.com,b9990e62-40be-462e-b80b-dbf8e367e6be,fbb76dd1-211d-445e-9e9c-16d8e6c460c9
8dcc4474-0e62-4f6f-aae0-2a1e22acc658,Hiroshi Okafor,hiroshi.okafor@example.com,85fa7775-0bed-40d7-b3a9-f2d5e11f4d39,fbb76dd1-211d-445e-9e9c-16d8e6c460c9
18371217-5522-4464-bb46-523f02ab0794,Camila Silva,camila.silva@example.com,b801f3a7-adcd-4582-85d6-bed0b987cdbe,fbb76dd1-211d-445e-9e9c-16d8e6c460c9
2b067002-bde8-477f-9ef9-13db0185732e,Tariq Fernandes,tariq.fernandes@example.com,079fdeb3-1809-4a93-af57-c79279a588db,fbb76dd1-211d-445e-9e9c-16d8e6c460c9
4d96bedb-c1eb-44a2-9d46-def3494aa78c,Ingrid Mwangi,ingrid.mwangi@example.com,92e4c07a-2828-4756-a08f-ed11f523b7cb,fbb76dd1-211d-445e-9e9c-16d8e6c460c9
36223ffd-ea73-497a-9207-49dd5dd7ad41,Santiago Kaur,santiago.kaur@example.com,b4d362be-acea-442a-a5e1-5c4f49e7eaa2,fbb76dd1-211d-445e-9e9c-16d8e6c460c9
1c9f15fa-1d6a-4f26-a7ee-56d03f1a5400,Leila Zhang,leila.zhang@example.com,2b3d6db6-ac3c-483e-9c32-dd06f62de0de,fbb76dd1-211d-445e-9e9c-16d8e6c460c9
a3f29f4d-4a3a-4e85-bcd0-e0760f7af3d9,Andre Kovac,andre.kovac@example.com,9aef9125-80c7-46b9-b89c-caba1839cdf4,fbb76dd1-211d-445e-9e9c-16d8e6c460c9
c4d55d27-04c4-498b-98d0-5666d0370174,Nadia Santos,nadia.santos@example.com,a7a27cb4-954c-4a66-9bc4-e791a340cd5c,fbb76dd1-211d-445e-9e9c-16d8e6c460c9
5f0588b5-59ff-4acc-87d6-f618c281c17b,Ravi Costa,ravi.costa@example.com,1dce92dd-f39e-4803-a093-80ac3b834af4,fbb76dd1-211d-445e-9e9c-16d8e6c460c9
456dc6e4-59e8-4800-a792-db86a10b5424,Elena Castillo,elena.castillo@example.com,fe9197ff-a58b-4123-848e-4d0707fdd322,fbb76dd1-211d-445e-9e9c-16d8e6c460c9
83c90be9-2aa4-4e41-bada-f3e6b2665088,Kofi Okonkwo,kofi.okonkwo@example.com,c7288f27-5e2d-4127-bd5c-4f5d689818d6,fbb76dd1-211d-445e-9e9c-16d8e6c460c9
47000d2c-24d1-4515-8543-f594f4b18980,Marisol Lindgren,marisol.lindgren@example.com,8c9d050b-7093-4e26-944e-20c0adc8f22d,fbb76dd1-211d-445e-9e9c-16d8e6c460c9
2ad661b2-e0d3-43cc-b4bb-e75b573ded4e,Dmitri Suzuki,dmitri.suzuki@example.com,ffeacc1a-d6b1-4c18-9e27-4ad0d78d0529,5b37c228-6d21-4187-b8a2-3139a9a420a4
786b1e19-69b6-49bf-bc71-adcb4c8e2f10,Aisha Nguyen,aisha.nguyen@example.com,7f5112d2-ea89-40fd-8906-1e292d58acd7,fbb76dd1-211d-445e-9e9c-16d8e6c460c9
db57ca2e-5677-47b9-9212-b977224d70e5,Sebastian Wang,sebastian.wang@example.com,dabb5a8c-efbb-4070-a75f-b8870ee8861a,fbb76dd1-211d-445e-9e9c-16d8e6c460c9
6f2cf3ad-0bf5-4624-827b-52014be63982,Thandiwe Johnson,thandiwe.johnson@example.com,79cf8452-fece-4aac-844f-a9f241620cc0,fbb76dd1-211d-445e-9e9c-16d8e6c460c9
a674f3ee-d2aa-44ec-9879-3a0f49978690,Hassan Park,hassan.park@example.com,098ca275-9396-4f6b-bdb1-426a1f058a5b,fbb76dd1-211d-445e-9e9c-16d8e6c460c9
622b97cf-2873-4116-a9e0-f9f27ede06a2,Freya Moreau,freya.moreau@example.com,9c1d11c3-daaf-4297-a342-6f7499a430f3,fbb76dd1-211d-445e-9e9c-16d8e6c460c9
8b59e507-1363-46c7-8419-0386b7f87c4c,Rafael Rossi,rafael.rossi@example.com,58c88a08-1afe-456e-802e-ee824151bac7,fbb76dd1-211d-445e-9e9c-16d8e6c460c9
2465efd7-b430-402f-9ea9-ee8fd6331ecf,Ling Nakamura,ling.nakamura@example.com,e4b7cbd1-c915-4592-abfa-3952bf689595,fbb76dd1-211d-445e-9e9c-16d8e6c460c9
073e959c-4eee-4d50-ab00-b43f23b14298,Mateus Khan,mateus.khan@example.com,799eaba1-80f2-4a16-8881-5050c30408a2,fbb76dd1-211d-445e-9e9c-16d8e6c460c9
c28afe05-4708-45bd-a145-9f1e519a1b03,Esperanza Ahmadi,esperanza.ahmadi@example.com,32ca69fb-18c7-4af7-96b9-5d72782fa123,fbb76dd1-211d-445e-9e9c-16d8e6c460c9
8803ece3-539e-42eb-9ad9-943dcc7fdda1,Bjorn Abebe,bjorn.abebe@example.com,ab074628-2616-43c7-b1c0-65ddb8663f82,fbb76dd1-211d-445e-9e9c-16d8e6c460c9
ffe13db0-66b1-4969-ba81-9400b74b1076,Saanvi Kowalski,saanvi.kowalski@example.com,4bc6ede8-15b2-451c-b0a6-1bb3c2c87519,fbb76dd1-211d-445e-9e9c-16d8e6c460c9
8157c8c1-6372-4280-979e-9820be816ccd,Idris Boateng,idris.boateng@example.com,c106baf2-30b4-4e0e-86f1-cc5a13ef390a,fbb76dd1-211d-445e-9e9c-16d8e6c460c9
25c3ecec-219c-494d-93c3-95a12b0b9e40,Carmen Cohen,carmen.cohen@example.com,46619af7-bee0-435c-80eb-35907d9cf170,fbb76dd1-211d-445e-9e9c-16d8e6c460c9
9d062c69-0e14-44f9-aa40-2af5b4b9df0b,Wei Patel,wei.patel@example.com,73c95403-e79d-4977-81ab-61fb0990b476,fbb76dd1-211d-445e-9e9c-16d8e6c460c9
f302fba3-1eff-479b-8bff-d10d5df85722,Anika Jorgensen,anika.jorgensen@example.com,fefcb0a9-5e35-41a7-baa7-2be57bddf02d,fbb76dd1-211d-445e-9e9c-16d8e6c460c9
e3b091e5-b46c-42ea-9df5-e9b55210fed1,Joaquin Liu,joaquin.liu@example.com,f9b6641f-c902-4b47-944b-e2e5f714a16c,fbb76dd1-211d-445e-9e9c-16d8e6c460c9
205ca10f-f80e-4a6a-ab1d-3f238f5c8457,Naomi Delgado,naomi.delgado@example.com,3813af36-62d5-4ace-ab6e-8ac947a5d950,fbb76dd1-211d-445e-9e9c-16d8e6c460c9
c7dfa69f-3df8-4184-87b3-bf3e2115c623,Tobias Bianchi,tobias.bianchi@example.com,16b3fed4-6271-46f6-8204-f7961c952cbd,fbb76dd1-211d-445e-9e9c-16d8e6c460c9
26abd2f7-4e2b-4409-9cba-b66c90b91d3a,Layla Mensah,layla.mensah@example.com,97c68fc9-8476-4fba-8383-fa958bb1f3ea,fbb76dd1-211d-445e-9e9c-16d8e6c460c9
ac6f7fb5-b7f2-4ad8-93ec-8e342da75717,Emeka Vargas,emeka.vargas@example.com,d6bc34b5-23b3-4f72-9d16-0919e21b2a64,fbb76dd1-211d-445e-9e9c-16d8e6c460c9
91670d83-21ee-4aca-9fd5-4f74277a8bec,Valentina Lindqvist,valentina.lindqvist@example.com,d318bf37-a704-4e8c-be2c-71d22e727a18,fbb76dd1-211d-445e-9e9c-16d8e6c460c9
dec370a0-da13-42c8-8afd-39895edcc534,Hana Sorensen,hana.sorensen@example.com,295aa200-dc36-4b74-b4b7-40b2d3582b44,fbb76dd1-211d-445e-9e9c-16d8e6c460c9
c6d4db4a-73f3-4aa2-b3e7-b928e7cab0f0,Marcus Novak,marcus.novak@example.com,e62a3f06-ef11-46f4-be18-2d4c6bea66d1,5b37c228-6d21-4187-b8a2-3139a9a420a4
32617a41-3b6f-43e0-82b2-2872491ce82a,Rania Reddy,rania.reddy@example.com,03659020-6917-439f-83c1-148d9b8099e7,fbb76dd1-211d-445e-9e9c-16d8e6c460c9
fd75e859-04b4-4432-b754-fc721b5b44a5,Pedro Romano,pedro.romano@example.com,92a3a80c-a849-400f-af09-583f77539f44,fbb76dd1-211d-445e-9e9c-16d8e6c460c9
bb7eda2f-cd98-4199-9e88-2727152bc983,Indira Oyelaran,indira.oyelaran@example.com,4bd88819-8aff-46ad-8e23-b0bb7e9699b0,fbb76dd1-211d-445e-9e9c-16d8e6c460c9
2914fcb2-1a2c-40d9-8c77-7b4647e22311,Soren Andersson,soren.andersson@example.com,b93e9286-f295-4ec5-8793-86eb6fead1c8,fbb76dd1-211d-445e-9e9c-16d8e6c460c9
094a9904-d7fd-46ad-a3da-76370456fd3a,Gabriela Diallo,gabriela.diallo@example.com,fda02fc4-8023-40bc-8ae9-961a4f962d62,fbb76dd1-211d-445e-9e9c-16d8e6c460c9
d21f957a-1227-413d-8795-f3280b22ffef,Aaliyah Petrov,aaliyah.petrov@example.com,ab3f693b-d022-480a-a3a0-13755d5e21fd,fbb76dd1-211d-445e-9e9c-16d8e6c460c9
d6713be4-2e0b-4cc4-b061-05508fc79425,Mateo Iqbal,mateo.iqbal@example.com,674671b6-8bb3-46b4-89d8-fd2d3ced8f51,fbb76dd1-211d-445e-9e9c-16d8e6c460c9
cdac1b38-48eb-484b-a3d0-a5a057219f61,Priya Yamamoto,priya.yamamoto@example.com,82854fc1-d670-4a59-9616-c99acdd8b951,fbb76dd1-211d-445e-9e9c-16d8e6c460c9
8b503977-861f-4c87-9d6c-aed2354df6ba,Liam Garcia,liam.garcia@example.com,5db77c3e-b5f4-42b6-9e9e-c8cff6105516,fbb76dd1-211d-445e-9e9c-16d8e6c460c9
8fbda2e0-e1e4-4a5c-bff4-dd18c3ea1696,Fatima Sharma,fatima.sharma@example.com,5c8eff8b-2bae-4a21-8a27-bc6aa66297df,fbb76dd1-211d-445e-9e9c-16d8e6c460c9
c00f27d7-2bff-444f-858a-d26af81082e5,Chen Adeyemi,chen.adeyemi@example.com,94d9153d-1b13-4e2b-95d5-8311ea3d15ad,fbb76dd1-211d-445e-9e9c-16d8e6c460c9
0d78b002-e596-4209-a469-63b9c9c027a1,Sofia Okafor,sofia.okafor@example.com,247b4f90-a788-42db-aa4b-a6971c97276a,fbb76dd1-211d-445e-9e9c-16d8e6c460c9
fe1bdf5c-ccec-44c0-9786-3acf4f7a253f,Kwame Silva,kwame.silva@example.com,627296d5-9796-466d-896b-03b066446030,fbb76dd1-211d-445e-9e9c-16d8e6c460c9
7f2611a0-8d19-45ef-937a-8bbfffdeac58,Yuki Fernandes,yuki.fernandes@example.com,b9990e62-40be-462e-b80b-dbf8e367e6be,fbb76dd1-211d-445e-9e9c-16d8e6c460c9
92c86beb-4a0a-4d08-8253-bc5bebdc66a2,Diego Mwangi,diego.mwangi@example.com,85fa7775-0bed-40d7-b3a9-f2d5e11f4d39,fbb76dd1-211d-445e-9e9c-16d8e6c460c9
48f59d76-c0af-4c6c-9cfe-a3ecd8b3ed47,Amara Kaur,amara.kaur@example.com,b801f3a7-adcd-4582-85d6-bed0b987cdbe,fbb76dd1-211d-445e-9e9c-16d8e6c460c9
964917c8-59c3-4cb5-a563-65a17b144b9b,Noah Zhang,noah.zhang@example.com,079fdeb3-1809-4a93-af57-c79279a588db,fbb76dd1-211d-445e-9e9c-16d8e6c460c9
f992c0bc-df71-4a5c-8a92-4ffe805860be,Ananya Kovac,ananya.kovac@example.com,92e4c07a-2828-4756-a08f-ed11f523b7cb,fbb76dd1-211d-445e-9e9c-16d8e6c460c9
28aaf500-88ba-4076-bddd-bd2dd10829dc,Omar Santos,omar.santos@example.com,b4d362be-acea-442a-a5e1-5c4f49e7eaa2,fbb76dd1-211d-445e-9e9c-16d8e6c460c9
a32f960a-047b-4ff6-a753-73325e4ad82b,Isabella Costa,isabella.costa@example.com,2b3d6db6-ac3c-483e-9c32-dd06f62de0de,fbb76dd1-211d-445e-9e9c-16d8e6c460c9
ad52f5ba-3857-4d10-ad20-8578889c4ea7,Jamal Castillo,jamal.castillo@example.com,9aef9125-80c7-46b9-b89c-caba1839cdf4,fbb76dd1-211d-445e-9e9c-16d8e6c460c9
1a7e8140-4044-4d7a-b9ef-4f93a02fd2b2,Mei Okonkwo,mei.okonkwo@example.com,a7a27cb4-954c-4a66-9bc4-e791a340cd5c,fbb76dd1-211d-445e-9e9c-16d8e6c460c9
3acf64e4-8614-4f46-9cc0-9603ba06bc49,Lucas Lindgren,lucas.lindgren@example.com,1dce92dd-f39e-4803-a093-80ac3b834af4,5b37c228-6d21-4187-b8a2-3139a9a420a4
2f164d1c-d710-4376-a6c5-274ff6e5e813,Zara Suzuki,zara.suzuki@example.com,fe9197ff-a58b-4123-848e-4d0707fdd322,fbb76dd1-211d-445e-9e9c-16d8e6c460c9
27a09b8b-0b48-40b6-9fa4-670354f5e430,Hiroshi Nguyen,hiroshi.nguyen@example.com,c7288f27-5e2d-4127-bd5c-4f5d689818d6,fbb76dd1-211d-445e-9e9c-16d8e6c460c9
db737611-5907-4046-8e49-4a82ea3fe5c0,Camila Wang,camila.wang@example.com,8c9d050b-7093-4e26-944e-20c0adc8f22d,fbb76dd1-211d-445e-9e9c-16d8e6c460c9
64af61da-b357-4ffa-abc9-1cfd61d28bf9,Tariq Johnson,tariq.johnson@example.com,ffeacc1a-d6b1-4c18-9e27-4ad0d78d0529,fbb76dd1-211d-445e-9e9c-16d8e6c460c9
7eee5ef8-c843-41df-8a98-59edf599d4c2,Ingrid Park,ingrid.park@example.com,7f5112d2-ea89-40fd-8906-1e292d58acd7,fbb76dd1-211d-445e-9e9c-16d8e6c460c9
8c42d559-be8d-44b5-8dcb-1b6781e32d01,Santiago Moreau,santiago.moreau@example.com,dabb5a8c-efbb-4070-a75f-b8870ee8861a,fbb76dd1-211d-445e-9e9c-16d8e6c460c9
9c85689b-c063-49ad-90bb-3a5ff560d56f,Leila Rossi,leila.rossi@example.com,79cf8452-fece-4aac-844f-a9f241620cc0,fbb76dd1-211d-445e-9e9c-16d8e6c460c9
6d3080d5-2d6f-47af-b858-6ffb00c2df08,Andre Nakamura,andre.nakamura@example.com,098ca275-9396-4f6b-bdb1-426a1f058a5b,fbb76dd1-211d-445e-9e9c-16d8e6c460c9
f9b450d5-7ceb-44ff-81c6-024cfb961e6b,Nadia Khan,nadia.khan@example.com,9c1d11c3-daaf-4297-a342-6f7499a430f3,fbb76dd1-211d-445e-9e9c-16d8e6c460c9
3de8c465-1057-4b83-9b91-d30583feb1bd,Ravi Ahmadi,ravi.ahmadi@example.com,58c88a08-1afe-456e-802e-ee824151bac7,fbb76dd1-211d-445e-9e9c-16d8e6c460c9
24ec00fd-47f3-409d-98aa-223165419638,Elena Abebe,elena.abebe@example.com,e4b7cbd1-c915-4592-abfa-3952bf689595,fbb76dd1-211d-445e-9e9c-16d8e6c460c9
61d2c759-87e5-4d5a-9d20-46aa639c084f,Kofi Kowalski,kofi.kowalski@example.com,799eaba1-80f2-4a16-8881-5050c30408a2,fbb76dd1-211d-445e-9e9c-16d8e6c460c9
2885a87c-7034-4611-bca0-70be276f5f70,Marisol Boateng,marisol.boateng@example.com,32ca69fb-18c7-4af7-96b9-5d72782fa123,fbb76dd1-211d-445e-9e9c-16d8e6c460c9
8688933d-3318-4300-8382-06482edbb6a5,Dmitri Cohen,dmitri.cohen@example.com,ab074628-2616-43c7-b1c0-65ddb8663f82,fbb76dd1-211d-445e-9e9c-16d8e6c460c9
abffe5ad-d8d3-4a6a-8917-d8bd03413c61,Aisha Patel,aisha.patel@example.com,4bc6ede8-15b2-451c-b0a6-1bb3c2c87519,fbb76dd1-211d-445e-9e9c-16d8e6c460c9
8a8c1458-e841-446e-804d-ce05e2597b0a,Sebastian Jorgensen,sebastian.jorgensen@example.com,c106baf2-30b4-4e0e-86f1-cc5a13ef390a,fbb76dd1-211d-445e-9e9c-16d8e6c460c9
bd40be34-0e6d-46fa-a88d-1ec7d9972700,Thandiwe Liu,thandiwe.liu@example.com,46619af7-bee0-435c-80eb-35907d9cf170,fbb76dd1-211d-445e-9e9c-16d8e6c460c9
fb8bea16-7d32-4b02-8c07-e3729a7b2b1b,Hassan Delgado,hassan.delgado@example.com,73c95403-e79d-4977-81ab-61fb0990b476,fbb76dd1-211d-445e-9e9c-16d8e6c460c9
95c65de5-c8b8-4e3f-9ec5-19bb369ca6a5,Freya Bianchi,freya.bianchi@example.com,fefcb0a9-5e35-41a7-baa7-2be57bddf02d,fbb76dd1-211d-445e-9e9c-16d8e6c460c9
c2b8fce4-d949-47e7-b8b5-8affede3dbfb,Rafael Mensah,rafael.mensah@example.com,f9b6641f-c902-4b47-944b-e2e5f714a16c,fbb76dd1-211d-445e-9e9c-16d8e6c460c9
a175cbc1-586e-4ad9-91d4-23dd5b0fa36c,Ling Vargas,ling.vargas@example.com,3813af36-62d5-4ace-ab6e-8ac947a5d950,fbb76dd1-211d-445e-9e9c-16d8e6c460c9
0ecd4174-38a0-445e-80e8-54fcf3a845ab,Mateus Lindqvist,mateus.lindqvist@example.com,16b3fed4-6271-46f6-8204-f7961c952cbd,fbb76dd1-211d-445e-9e9c-16d8e6c460c9
b1fcb669-7359-489e-80cf-909acf395633,Esperanza Sorensen,esperanza.sorensen@example.com,97c68fc9-8476-4fba-8383-fa958bb1f3ea,5b37c228-6d21-4187-b8a2-3139a9a420a4
1f78af09-3f16-4071-8940-6aa95abc26a1,Bjorn Novak,bjorn.novak@example.com,d6bc34b5-23b3-4f72-9d16-0919e21b2a64,fbb76dd1-211d-445e-9e9c-16d8e6c460c9
d4e5b89b-0cea-48c0-ade9-48cd9c26a2ff,Saanvi Reddy,saanvi.reddy@example.com,d318bf37-a704-4e8c-be2c-71d22e727a18,fbb76dd1-211d-445e-9e9c-16d8e6c460c9
580b9d94-132c-4528-a625-cbc25f8762fc,Idris Romano,idris.romano@example.com,295aa200-dc36-4b74-b4b7-40b2d3582b44,fbb76dd1-211d-445e-9e9c-16d8e6c460c9
c30a2e36-5902-48d6-9dc6-601b42bec4c0,Carmen Oyelaran,carmen.oyelaran@example.com,e62a3f06-ef11-46f4-be18-2d4c6bea66d1,fbb76dd1-211d-445e-9e9c-16d8e6c460c9
7e52f70e-99f0-4b10-bd40-6811984017cf,Wei Andersson,wei.andersson@example.com,03659020-6917-439f-83c1-148d9b8099e7,fbb76dd1-211d-445e-9e9c-16d8e6c460c9
4ea28b4e-7f02-44b4-8165-2aa9e39bc5ee,Anika Diallo,anika.diallo@example.com,92a3a80c-a849-400f-af09-583f77539f44,fbb76dd1-211d-445e-9e9c-16d8e6c460c9
43f5ff1e-7cf0-44ba-8604-6afafa3650da,Joaquin Mbeki,joaquin.mbeki@example.com,4bd88819-8aff-46ad-8e23-b0bb7e9699b0,fbb76dd1-211d-445e-9e9c-16d8e6c460c9
f4a1dbd1-e0c0-48db-b2ad-8abf04795809,Naomi Haugen,naomi.haugen@example.com,b93e9286-f295-4ec5-8793-86eb6fead1c8,fbb76dd1-211d-445e-9e9c-16d8e6c460c9
03001eca-a032-4560-85b1-0016d503fada,Tobias Osei,tobias.osei@example.com,fda02fc4-8023-40bc-8ae9-961a4f962d62,fbb76dd1-211d-445e-9e9c-16d8e6c460c9
52aaf96c-79b7-4bb0-abd2-5ce8761bdadd,Layla Tanaka,layla.tanaka@example.com,ab3f693b-d022-480a-a3a0-13755d5e21fd,fbb76dd1-211d-445e-9e9c-16d8e6c460c9
541a41c9-18c7-476e-8d62-5f8d5895c4af,Emeka Eze,emeka.eze@example.com,674671b6-8bb3-46b4-89d8-fd2d3ced8f51,fbb76dd1-211d-445e-9e9c-16d8e6c460c9
f0064fad-0be5-4c99-98b7-035e6e516390,Valentina Ramirez,valentina.ramirez@example.com,82854fc1-d670-4a59-9616-c99acdd8b951,fbb76dd1-211d-445e-9e9c-16d8e6c460c9
973612d0-5ae3-430d-97c5-ef41ae76c086,Hana Vasquez,hana.vasquez@example.com,5db77c3e-b5f4-42b6-9e9e-c8cff6105516,fbb76dd1-211d-445e-9e9c-16d8e6c460c9
094a4ea7-1111-4296-9410-1e2499aa0979,Marcus Hassan,marcus.hassan@example.com,5c8eff8b-2bae-4a21-8a27-bc6aa66297df,fbb76dd1-211d-445e-9e9c-16d8e6c460c9
2f4b992d-e385-4acc-876c-1c18ca57ac41,Rania Al-Farsi,rania.al-farsi@example.com,94d9153d-1b13-4e2b-95d5-8311ea3d15ad,fbb76dd1-211d-445e-9e9c-16d8e6c460c9
e82f213c-7b31-4094-a8f7-8b8839f21e34,Pedro Chowdhury,pedro.chowdhury@example.com,247b4f90-a788-42db-aa4b-a6971c97276a,fbb76dd1-211d-445e-9e9c-16d8e6c460c9
d7fd14bd-3ce9-486a-ac73-9dc210371fcb,Indira Dubois,indira.dubois@example.com,627296d5-9796-466d-896b-03b066446030,fbb76dd1-211d-445e-9e9c-16d8e6c460c9
fb62e238-bd50-49fc-86d3-cf9397bcfd23,Soren Haddad,soren.haddad@example.com,b9990e62-40be-462e-b80b-dbf8e367e6be,fbb76dd1-211d-445e-9e9c-16d8e6c460c9
3d75a43f-d6b9-4c66-a993-4920c32435b9,Gabriela Ferreira,gabriela.ferreira@example.com,85fa7775-0bed-40d7-b3a9-f2d5e11f4d39,fbb76dd1-211d-445e-9e9c-16d8e6c460c9
4025fd3c-fe72-4a38-a4b0-e4c66b558b56,Aaliyah Santos,aaliyah.santos@example.com,b801f3a7-adcd-4582-85d6-bed0b987cdbe,fbb76dd1-211d-445e-9e9c-16d8e6c460c9
c61e6aef-8ba4-4473-a52d-b1c33af10708,Mateo Costa,mateo.costa@example.com,079fdeb3-1809-4a93-af57-c79279a588db,fbb76dd1-211d-445e-9e9c-16d8e6c460c9
fe49e48c-9796-451f-9c86-0cfac110e848,Priya Castillo,priya.castillo@example.com,92e4c07a-2828-4756-a08f-ed11f523b7cb,fbb76dd1-211d-445e-9e9c-16d8e6c460c9
8dcc5f9f-46cf-4073-86e0-bebf876d6d61,Liam Okonkwo,liam.okonkwo@example.com,b4d362be-acea-442a-a5e1-5c4f49e7eaa2,5b37c228-6d21-4187-b8a2-3139a9a420a4
3d9a805c-9e34-4ce7-aaac-7a8055951971,Fatima Lindgren,fatima.lindgren@example.com,2b3d6db6-ac3c-483e-9c32-dd06f62de0de,fbb76dd1-211d-445e-9e9c-16d8e6c460c9
66a286ba-f8fb-4b53-8585-18c33545fbaa,Chen Suzuki,chen.suzuki@example.com,9aef9125-80c7-46b9-b89c-caba1839cdf4,fbb76dd1-211d-445e-9e9c-16d8e6c460c9
6114d726-57c1-4d83-9687-8063504f7563,Sofia Nguyen,sofia.nguyen@example.com,a7a27cb4-954c-4a66-9bc4-e791a340cd5c,fbb76dd1-211d-445e-9e9c-16d8e6c460c9
9c5ee260-87fa-4363-9ef1-6d5a748007e2,Kwame Wang,kwame.wang@example.com,1dce92dd-f39e-4803-a093-80ac3b834af4,fbb76dd1-211d-445e-9e9c-16d8e6c460c9
b816c8a4-6956-4707-9cb0-8984ba2c2d22,Yuki Johnson,yuki.johnson@example.com,fe9197ff-a58b-4123-848e-4d0707fdd322,fbb76dd1-211d-445e-9e9c-16d8e6c460c9
93005832-6f7d-480b-ae96-6edf9a766227,Diego Park,diego.park@example.com,c7288f27-5e2d-4127-bd5c-4f5d689818d6,fbb76dd1-211d-445e-9e9c-16d8e6c460c9
172f7a63-ba16-46b8-b6a6-40c75c39e873,Amara Moreau,amara.moreau@example.com,8c9d050b-7093-4e26-944e-20c0adc8f22d,fbb76dd1-211d-445e-9e9c-16d8e6c460c9
ddd65cd3-ba05-4d00-93ce-b425e394bf18,Noah Rossi,noah.rossi@example.com,ffeacc1a-d6b1-4c18-9e27-4ad0d78d0529,fbb76dd1-211d-445e-9e9c-16d8e6c460c9
e636ff34-ffd9-45ff-a6a8-89426392d5a0,Ananya Nakamura,ananya.nakamura@example.com,7f5112d2-ea89-40fd-8906-1e292d58acd7,fbb76dd1-211d-445e-9e9c-16d8e6c460c9
dd95f441-3eee-4dd9-9e1f-98e45ecadbaf,Omar Khan,omar.khan@example.com,dabb5a8c-efbb-4070-a75f-b8870ee8861a,fbb76dd1-211d-445e-9e9c-16d8e6c460c9
3e28318e-bdd2-46de-bbd5-22ce50ec807e,Isabella Ahmadi,isabella.ahmadi@example.com,79cf8452-fece-4aac-844f-a9f241620cc0,fbb76dd1-211d-445e-9e9c-16d8e6c460c9
fa49e502-c9ed-4059-9b90-037a98e9fee3,Jamal Abebe,jamal.abebe@example.com,098ca275-9396-4f6b-bdb1-426a1f058a5b,fbb76dd1-211d-445e-9e9c-16d8e6c460c9
4f205f9b-9e82-49fd-9f14-db676e1ca6d5,Mei Kowalski,mei.kowalski@example.com,9c1d11c3-daaf-4297-a342-6f7499a430f3,fbb76dd1-211d-445e-9e9c-16d8e6c460c9
c115822d-48d8-4ab8-8e51-b74c3b9bf294,Lucas Boateng,lucas.boateng@example.com,58c88a08-1afe-456e-802e-ee824151bac7,fbb76dd1-211d-445e-9e9c-16d8e6c460c9
67ee2be0-39b2-486c-81fa-260ba9e58156,Zara Cohen,zara.cohen@example.com,e4b7cbd1-c915-4592-abfa-3952bf689595,fbb76dd1-211d-445e-9e9c-16d8e6c460c9
d24aec27-ab23-487e-98e3-510cde2a292c,Hiroshi Patel,hiroshi.patel@example.com,799eaba1-80f2-4a16-8881-5050c30408a2,fbb76dd1-211d-445e-9e9c-16d8e6c460c9
00000000-0000-0000-0000-000000000000,Public User,,74f0ffd6-2649-4196-b9b5-4d0a39ac76b0,fbb76dd1-211d-445e-9e9c-16d8e6c460c9
